ANO;NOME_AGREGA;AGREGA;ESPVIDA;MORT1;T_ENV;RAZDEP;ANOSEST;T_ANALF15M;T_ANALF18M;T_ANALF25M;T_ATRASO_2_BASICO;T_ATRASO_2_FUND;T_FLBAS;T_FLFUND;T_FLMED;T_FLSUPER;T_FREQ5A6;T_FREQ6A14;T_FREQ15A17;T_FREQ18A24;T_FUND11A13;T_FUND15A17;T_FUND18M;T_FUND18A24;T_FUND25M;T_MED18A20;T_MED25M;T_SUPER25M;R1040;R2040;RDPC;RDPC1;RDPC2;RDPC3;RDPC4;RDPC5;RDPC10;RDPCT;RIND;RMPOB;RPOB;PRENTRAB;PIND;PMPOB;PPOB;GINI;THEIL;POP;POP5A6;POP6A14;POP6A17;POP11A13;POP15A17;POP15M;POP18M;POP18A20;POP18A24;POP25M;POP65M;POPT;POPTOT;I_ESCOLARIDADE;I_FREQ_PROP;IDHM_E;IDHM_L;IDHM_R;IDHM
2011;BRASIL;1;74,20;16,43;8,25;46,01;8,36;8,58;9,14;10,59;23,29;19,82;93,57;96,58;51,52;14,81;91,07;98,20;83,71;28,85;84,16;61,01;60,93;82,84;56,71;48,38;39,95;11,44;15,53;10,62;698,48;113,39;264,12;432,70;679,75;2003,92;2932,06;705,97;32,64;80,47;149,94;77,34;4,74;12,41;29,57;0,529;0,506;186116880;5897207;29638338;40353670;10559880;10715332;151800458;141085126;9681467;22786424;118298702;16316954;184141369;186116880;0,609;0,712;0,676;0,820;0,718;0,738
2012;BRASIL;1;74,52;15,69;8,63;45,91;8,60;8,66;9,23;10,68;20,27;16,80;93,73;96,74;53,77;15,29;91,51;98,25;84,16;29,35;87,21;62,57;60,24;81,92;56,15;48,04;40,93;11,96;15,06;10,35;751,68;126,67;288,22;468,54;727,81;2147,31;3124,23;759,53;31,87;80,16;148,84;76,97;3,91;10,40;25,41;0,526;0,497;190315001;5764104;29317332;39907407;10202590;10590075;154086410;143496335;10025969;22786857;120709478;17228229;188347910;190315001;0,602;0,723;0,681;0,825;0,730;0,745
2013;BRASIL;1;74,84;15,02;8,88;45,25;8,70;8,52;9,08;10,48;18,46;15,05;93,82;96,97;54,79;16,48;92,96;98,44;84,33;29,98;89,21;64,19;61,68;83,57;57,65;49,45;42,18;12,62;15,07;10,32;777,56;127,65;299,59;489,08;754,28;2204,87;3218,77;787,62;31,00;74,82;147,66;77,18;4,30;9,90;24,49;0,525;0,495;189853572;5713135;28840236;39482579;10038631;10642343;156596592;145954249;10177580;22705616;123248633;17889344;187430383;189853572;0,617;0,740;0,696;0,831;0,735;0,754
2014;BRASIL;1;75,14;14,40;9,29;44,75;8,79;8,27;8,80;10,15;16,18;12,75;93,80;96,96;56,02;17,57;93,66;98,52;84,27;30,02;90,54;65,53;61,84;83,92;57,87;51,95;42,97;13,14;14,17;9,77;803,36;144,86;317,68;507,73;785,05;2259,86;3276,54;807,10;37,63;81,62;154,10;76,65;3,01;8,10;22,09;0,515;0,480;194603344;5512883;27898843;38446180;9387311;10547337;159243370;148696033;10287955;22681790;126014243;18869998;193700603;194603344;0,618;0,754;0,706;0,836;0,741;0,761
2015;BRASIL;1;75,44;13,82;9,87;44,69;8,92;7,95;8,46;9,73;15,94;12,40;94,11;97,20;56,63;17,96;94,33;98,59;85,02;30,70;91,02;65,95;62,93;85,13;59,06;52,50;44,16;13,54;14,15;9,79;746,84;131,63;296,44;477,18;729,67;2095,93;3027,64;750,16;37,68;82,93;150,01;75,44;3,63;9,96;24,30;0,515;0,483;199120820;5431746;27505282;38142894;9420455;10637612;161792373;151154761;10302708;22432217;128722544;20211426;198239053;199120820;0,629;0,760;0,713;0,841;0,729;0,761
2011;RO;11;70,32;22,24;5,29;45,77;7,60;9,74;10,66;12,68;23,15;19,07;90,09;94,56;45,80;10,70;70,03;95,77;80,47;25,25;87,05;56,52;55,73;77,74;51,02;41,12;32,87;8,96;12,64;8,99;613,70;116,22;256,57;400,02;620,27;1675,90;2356,51;619,50;31,81;86,47;153,80;84,93;3,96;12,75;30,47;0,496;0,437;1587902;58704;287138;405050;103310;117912;1249245;1131333;83742;199175;932158;89420;1573035;1587902;0,557;0,637;0,609;0,755;0,697;0,687
2012;RO;11;70,53;21,75;4,99;44,60;7,94;8,57;9,26;11,35;22,21;16,47;93,47;97,41;46,94;11,55;81,58;98,66;82,08;23,32;88,19;55,43;55,80;79,82;50,22;43,76;33,40;8,62;11,86;8,49;633,34;126,82;268,76;430,03;665,67;1679,67;2344,94;639,64;34,00;90,31;153,67;83,39;3,07;11,28;27,37;0,482;0,405;1649946;56146;276266;380668;93798;104402;1269765;1165363;92834;219635;945728;85458;1633695;1649946;0,558;0,672;0,632;0,759;0,703;0,698
2013;RO;11;70,74;21,27;5,60;43,78;7,80;8,56;9,24;11,09;20,43;16,87;93,52;96,72;49,40;14,25;82,84;98,19;83,45;28,50;87,84;57,31;54,40;79,59;48,95;41,84;32,02;8,87;11,17;8,10;621,39;127,31;272,46;435,14;656,21;1618,23;2233,28;631,23;23,30;78,09;153,88;83,77;3,76;10,07;27,27;0,474;0,391;1670217;49667;281864;383388;100021;101524;1302660;1201136;95435;213518;987618;97140;1644167;1670217;0,544;0,675;0,628;0,762;0,699;0,696
2014;RO;11;70,94;20,82;5,76;45,20;8,31;8,34;8,88;10,66;15,55;13,10;93,39;97,13;50,14;16,90;90,54;98,84;79,48;29,72;87,96;60,40;58,46;81,82;53,44;46,35;38,43;10,61;10,90;7,86;667,41;146,53;294,82;452,72;691,37;1734,50;2405,33;674,18;31,64;77,96;158,97;83,47;3,01;7,19;22,73;0,469;0,380;1657696;55918;281102;369509;96227;88407;1308580;1220173;96724;216118;1004055;101017;1641072;1657696;0,585;0,713;0,667;0,766;0,711;0,715
2015;RO;11;71,14;20,38;7,13;45,02;8,35;8,01;8,65;10,06;17,07;12,24;91,70;96,34;45,27;15,37;88,57;97,46;80,10;25,30;90,43;57,21;57,26;78,91;53,14;42,64;37,34;10,68;11,15;8,07;634,73;136,81;272,50;441,48;661,42;1651,35;2281,71;637,57;28,18;95,94;159,04;81,58;1,68;9,53;26,70;0,470;0,391;1755648;56758;265852;374465;87530;108613;1349021;1240408;88078;198580;1041828;126433;1747811;1755648;0,573;0,697;0,653;0,769;0,703;0,708
2011;AC;12;72,11;21,03;4,81;59,84;7,63;14,38;15,94;19,08;26,03;22,89;89,06;93,27;41,63;13,19;84,15;95,94;80,42;30,05;76,47;52,31;57,04;76,75;51,82;40,42;36,53;10,16;17,17;11,73;508,38;77,40;177,58;300,61;488,55;1495,57;2188,95;516,23;37,01;81,86;140,07;78,82;8,06;21,68;44,64;0,546;0,533;727974;33743;158978;210802;53293;51824;506460;454636;45183;95167;359469;36143;716905;727974;0,570;0,633;0,612;0,785;0,667;0,688
2012;AC;12;72,51;20,06;4,43;57,37;8,14;13,46;14,62;18,09;24,93;22,46;88,71;92,55;44,11;16,55;75,14;94,87;79,09;35,41;79,77;55,13;58,54;76,34;53,46;45,69;37,97;11,69;17,47;12,03;531,52;76,96;182,67;308,77;534,70;1561,02;2268,26;537,74;34,04;81,96;135,63;78,06;6,90;22,02;42,25;0,550;0,552;740711;32992;152466;201489;48837;49023;520580;471557;51822;104757;366800;33918;732136;740711;0,585;0,639;0,621;0,792;0,674;0,696
2013;AC;12;72,89;19,18;4,87;57,46;7,82;14,61;16,06;19,71;26,15;24,11;89,90;94,44;45,13;16,05;80,33;96,78;80,19;33,79;74,33;56,17;57,67;76,80;52,50;49,07;37,63;10,76;15,04;10,43;484,89;81,92;180,93;296,48;501,64;1370,85;1976,86;493,77;32,74;81,92;141,28;76,65;7,13;20,11;44,20;0,524;0,478;745599;31010;156781;210433;51559;53652;533073;479421;46521;102097;377324;37974;732185;745599;0,577;0,650;0,624;0,798;0,660;0,694
2014;AC;12;73,26;18,37;4,70;57,52;7,95;13,08;14,33;17,19;18,79;18,14;89,27;94,33;50,15;16,38;84,28;96,47;76,16;31,91;82,09;67,80;60,12;80,20;55,02;50,60;38,44;11,25;16,13;11,21;548,24;90,03;196,53;316,52;528,49;1606,31;2310,77;552,10;37,54;83,40;145,22;79,81;6,19;17,72;40,69;0,540;0,527;767878;26710;157070;211332;56279;54262;540757;486495;42500;98442;388053;37291;762502;767878;0,601;0,712;0,673;0,804;0,679;0,719
2015;AC;12;73,61;17,63;6,21;54,31;7,98;13,76;15,07;18,21;20,02;16,98;89,62;93,43;51,53;16,03;81,21;95,17;83,34;38,02;86,59;62,13;61,52;80,83;56,51;42,47;39,16;11,09;15,98;11,08;495,58;81,54;179,51;287,16;487,68;1445,87;2085,93;496,46;42,94;81,92;140,45;74,28;7,19;20,35;44,21;0,539;0,530;789380;28910;141365;199175;48346;57810;572693;514883;51169;106012;408871;50105;787978;789380;0,615;0,681;0,658;0,810;0,663;0,710
2011;AM;13;70,64;21,43;4,84;58,67;8,32;8,35;9,06;10,79;30,95;27,11;91,90;94,37;39,64;12,53;78,39;95,86;84,15;37,82;72,19;46,87;64,70;76,98;61,57;35,87;43,39;8,53;16,63;11,40;456,20;67,48;166,35;274,90;438,43;1332,91;1944,27;467,61;31,13;79,52;136,01;83,51;8,95;24,14;47,30;0,541;0,514;3181506;166040;724189;958732;258025;234543;2503309;2268766;210065;460572;1808194;178457;3103871;3181506;0,647;0,583;0,604;0,761;0,650;0,672
2012;AM;13;70,91;20,71;5,24;57,77;8,77;8,27;8,93;10,53;26,57;22,59;92,27;94,46;42,14;11,30;80,78;95,87;85,61;33,89;79,91;48,45;62,29;75,53;58,97;34,40;45,48;8,13;13,80;9,76;481,60;86,37;187,35;304,15;495,34;1336,30;1888,16;486,91;37,52;87,29;143,94;80,57;6,25;20,53;42,89;0,511;0,462;3593396;148857;750345;982296;242505;231951;2578380;2346429;222772;470397;1876032;196863;3554227;3593396;0,623;0,609;0,613;0,765;0,658;0,679
2013;AM;13;71,17;20,03;4,85;55,74;8,93;7,34;8,02;9,72;25,08;21,03;91,72;95,33;42,87;14,26;83,89;96,24;82,39;35,53;81,34;52,09;68,14;79,61;65,13;39,92;48,04;10,51;16,80;11,63;543,34;81,07;192,67;315,61;531,65;1591,17;2298,90;552,85;31,58;77,24;141,31;83,44;7,38;18,55;41,07;0,543;0,526;3754201;156781;741308;986471;248676;245163;2640560;2395397;238974;498217;1897180;185549;3689599;3754201;0,681;0,643;0,656;0,770;0,678;0,701
2014;AM;13;71,42;19,38;5,10;51,56;9,21;6,20;6,71;8,06;20,99;16,24;92,46;95,77;46,00;15,87;82,30;97,03;82,94;34,82;85,81;54,14;67,01;79,98;63,82;43,12;48,96;11,56;15,19;10,36;579,45;106,52;216,97;345,28;549,22;1675,06;2456,64;580,32;42,78;88,06;151,13;82,89;4,33;14,12;36,30;0,529;0,503;3775086;152375;697195;939831;242944;242636;2763746;2521110;239200;497830;2023280;198130;3769444;3775086;0,670;0,663;0,666;0,774;0,688;0,709
2015;AM;13;71,67;18,77;5,78;53,12;9,23;6,67;7,17;8,66;20,95;17,79;93,08;95,65;50,14;15,93;86,08;96,87;84,17;35,19;83,29;57,98;66,18;81,23;62,33;44,70;47,26;11,15;14,20;9,99;480,56;85,75;185,45;295,27;480,83;1354,01;1925,21;481,90;43,30;86,60;143,61;79,56;6,31;20,35;43,26;0,517;0,482;3882818;151977;717316;949697;243446;232381;2809771;2577390;233668;525277;2052113;228474;3872078;3882818;0,662;0,680;0,674;0,778;0,658;0,703
2011;RR;14;69,87;18,16;4,15;52,08;8,88;9,62;10,42;12,83;21,71;18,91;94,18;96,69;54,48;25,88;85,00;97,08;87,82;40,70;82,96;61,54;70,34;87,60;65,75;54,34;51,29;11,03;14,92;10,76;647,84;114,57;231,50;388,36;640,00;1861,23;2581,18;650,04;43,43;96,86;155,02;80,52;3,38;13,87;34,12;0,525;0,492;456998;20615;88283;115070;29195;26787;330246;303459;29712;63721;239738;19586;455453;456998;0,703;0,710;0,708;0,748;0,706;0,721
2012;RR;14;70,22;17,96;3,91;52,57;9,59;7,39;8,24;10,02;18,43;14,63;93,21;96,73;55,01;21,96;87,71;97,82;85,50;35,45;89,06;64,01;71,82;90,74;66,55;53,26;52,54;12,68;15,99;11,23;633,53;108,69;217,90;360,72;626,71;1834,04;2610,71;643,14;24,86;87,83;154,84;82,76;3,85;13,86;36,96;0,539;0,507;463062;21114;95347;129954;33221;34607;334835;300228;29242;65409;234819;18860;456141;463062;0,718;0,735;0,729;0,754;0,703;0,729
2013;RR;14;70,57;17,76;5,31;49,41;8,87;9,81;10,62;12,95;21,37;17,37;93,60;96,98;59,88;19,74;90,17;98,05;83,96;32,18;82,79;70,36;65,70;84,87;60,87;51,68;47,37;10,77;14,81;10,20;625,64;117,67;240,50;360,96;583,80;1825,95;2652,41;636,62;28,84;81,71;156,60;84,04;4,35;11,44;32,23;0,531;0,479;473146;19877;82200;110965;26808;28765;354910;326145;26455;65694;260451;26101;464986;473146;0,657;0,738;0,710;0,760;0,701;0,724
2014;RR;14;70,90;17,57;4,14;46,82;9,29;7,47;8,18;9,95;13,48;11,17;91,25;96,04;54,53;14,33;94,69;98,60;75,76;32,38;90,69;70,29;66,19;83,67;61,79;44,73;49,03;13,20;12,71;8,99;665,19;142,56;271,82;411,75;633,96;1863,10;2634,42;666,26;40,15;91,90;164,91;84,01;2,57;8,23;26,82;0,501;0,442;473519;21480;81551;112919;24523;31368;361360;329992;30609;66354;263638;20715;472758;473519;0,662;0,751;0,720;0,765;0,710;0,732
2015;RR;14;71,22;17,39;5,04;50,66;9,57;7,96;8,74;10,56;11,98;9,39;95,03;98,07;60,52;20,40;97,61;99,14;88,54;36,18;92,31;69,43;69,65;85,85;65,85;53,86;50,97;15,19;14,22;10,08;649,43;124,60;245,14;386,83;624,25;1864,17;2628,55;650,25;42,64;91,99;158,23;82,33;2,83;10,89;31,49;0,519;0,479;489524;17355;96480;128928;34905;32448;363288;330840;29556;62822;268018;25622;488905;489524;0,697;0,783;0,753;0,770;0,707;0,743
2011;PA;15;71,09;19,57;5,61;53,67;7,35;10,61;11,54;13,81;39,66;35,20;92,24;95,51;37,31;7,53;87,94;96,85;83,38;31,43;66,92;43,51;54,87;71,11;50,72;29,25;32,15;5,93;16,03;10,77;443,89;75,90;165,15;262,20;421,21;1297,88;1931,77;449,12;41,84;85,79;142,61;79,21;8,31;24,52;49,89;0,540;0,514;7466887;301655;1433403;1948424;500625;515021;5495938;4980917;444272;1012416;3968501;436469;7379877;7466887;0,549;0,569;0,562;0,768;0,645;0,658
2012;PA;15;71,30;18,89;5,51;52,75;7,67;10,51;11,32;13,54;36,88;32,35;92,77;96,21;38,10;8,42;85,73;97,22;83,70;32,15;70,12;42,88;52,64;68,56;48,72;30,37;32,81;6,78;12,87;9,05;453,39;87,99;187,11;290,02;455,95;1245,50;1770,35;458,00;38,91;88,16;146,18;78,88;5,80;20,12;43,52;0,502;0,441;7525207;283771;1454831;1919557;480702;464726;5596330;5131604;452893;1015628;4115976;434598;7449454;7525207;0,526;0,573;0,557;0,772;0,649;0,659
2013;PA;15;71,51;18,26;6,34;52,45;7,76;10,05;10,85;12,96;31,18;26,16;93,35;96,56;39,82;8,77;87,72;97,30;85,58;31,45;78,29;45,83;54,31;74,37;49,68;31,79;33,79;6,87;13,15;9,22;464,30;87,28;189,70;292,68;473,81;1276,39;1821,24;471,45;35,26;82,73;147,28;78,18;6,40;18,45;43,54;0,504;0,440;7611176;293186;1463369;1943807;496420;480438;5747976;5267538;456532;988189;4279349;506558;7495831;7611176;0,543;0,609;0,586;0,775;0,653;0,671
2014;PA;15;71,71;17,65;6,44;51,99;7,78;9,97;10,81;12,81;28,26;23,32;93,12;96,33;42,37;9,23;89,13;97,75;84,54;32,68;78,35;47,58;54,05;73,64;49,72;32,71;33,71;6,63;12,05;8,47;469,47;96,39;200,62;312,35;479,84;1258,47;1790,10;472,90;38,39;87,13;148,94;76,90;4,59;16,73;40,15;0,487;0,415;7671401;288650;1452931;1958674;489237;505743;5846174;5340431;447428;967043;4373388;521506;7615746;7671401;0,541;0,619;0,592;0,779;0,654;0,675
2015;PA;15;71,91;17,09;7,13;49,77;7,92;9,94;10,78;12,77;26,68;21,14;93,30;96,51;44,43;11,53;88,14;97,84;86,18;32,97;83,67;50,87;55,64;76,42;51,26;36,40;34,87;7,10;10,97;7,85;448,40;99,51;200,80;302,00;467,33;1179,30;1647,27;448,46;41,63;89,42;153,92;76,26;4,59;16,38;41,24;0,471;0,400;8048141;294951;1400673;1922224;463647;521551;6054308;5532757;447141;963610;4569147;583779;8047111;8048141;0,556;0,648;0,616;0,782;0,647;0,682
2011;AP;16;72,47;24,34;4,42;56,10;8,75;7,60;8,39;10,36;28,28;25,00;91,31;95,24;49,10;14,01;81,75;96,19;82,43;37,83;79,81;56,76;64,28;82,80;59,17;44,57;46,04;10,56;14,76;10,51;472,77;78,29;178,00;290,48;463,57;1346,78;1891,66;483,18;27,84;84,74;142,88;82,99;7,26;22,82;45,71;0,523;0,480;661416;28951;144739;195744;51242;51005;483810;432805;42267;93495;339310;31251;647172;661416;0,643;0,657;0,652;0,791;0,656;0,700
2012;AP;16;72,78;24,11;3,05;53,70;9,18;6,72;7,39;9,19;34,07;30,24;91,25;93,77;47,88;13,82;71,31;95,25;83,47;34,15;78,43;59,32;68,74;82,65;65,08;39,02;48,11;12,83;16,09;11,25;562,64;98,81;197,38;312,37;533,41;1666,68;2383,27;572,39;24,96;90,24;149,64;89,27;3,92;16,93;40,46;0,539;0,495;720206;29930;149641;207539;50049;57898;492561;434663;40218;90498;344165;22073;707935;720206;0,687;0,620;0,642;0,796;0,683;0,707
2013;AP;16;73,09;23,88;4,36;51,95;9,18;5,97;6,61;7,98;26,83;24,14;91,05;94,19;51,77;19,15;84,88;95,55;82,74;35,32;81,18;59,90;70,29;83,33;66,62;48,88;51,64;12,87;14,53;10,27;578,13;101,11;220,03;342,43;578,49;1648,67;2332,84;591,79;19,08;82,72;146,45;86,80;4,31;15,17;35,64;0,522;0,462;676123;30440;149660;200057;47588;50397;518792;468395;46046;102822;365573;32235;660516;676123;0,703;0,687;0,692;0,802;0,688;0,727
2014;AP;16;73,38;23,67;4,07;50,44;9,69;4,22;4,58;5,67;24,30;22,29;93,62;96,27;55,68;18,27;85,71;98,32;85,41;31,97;84,51;64,87;74,93;87,02;71,49;55,44;57,01;14,56;10,47;7,98;630,72;153,70;269,00;394,93;651,65;1686,54;2212,79;630,72;49,90;100,03;173,92;85,31;1,15;6,54;26,39;0,470;0,379;741289;25289;138356;186108;40008;47752;532742;484990;52132;107371;377619;30715;741289;741289;0,749;0,726;0,734;0,806;0,702;0,747
2015;AP;16;73,66;23,45;5,73;54,01;9,32;5,89;6,41;7,78;25,63;24,38;91,05;95,28;48,39;17,80;77,20;97,10;79,04;34,56;83,70;59,14;69,16;84,55;65,25;44,63;48,70;11,82;11,96;8,72;532,22;116,99;219,43;320,34;545,91;1467,55;2011,30;532,22;50,96;97,31;160,56;82,76;2,75;13,42;37,12;0,493;0,422;763810;29964;144767;193646;49915;48879;544677;495798;44136;100372;395426;44138;763810;763810;0,692;0,662;0,672;0,811;0,675;0,719
2011;TO;17;71,89;18,69;6,57;50,61;7,70;12,17;13,20;15,83;20,44;16,43;93,93;97,10;52,48;13,91;82,95;97,87;84,07;29,48;88,38;61,36;56,84;81,92;51,20;43,65;35,82;9,67;14,33;9,93;540,73;100,07;210,46;329,28;526,59;1541,57;2224,52;545,05;38,08;85,50;154,88;80,86;5,45;15,76;40,05;0,520;0,481;1420630;53170;253349;347190;90656;93841;1053348;959507;79140;176170;783337;94824;1409360;1420630;0,568;0,691;0,647;0,782;0,677;0,702
2012;TO;17;72,21;18,04;7,07;53,02;7,94;13,40;14,39;17,12;19,35;14,34;94,74;96,65;49,58;14,17;87,17;98,05;87,11;31,48;89,01;57,89;56,58;82,83;51,05;46,14;37,76;11,46;14,76;10,11;595,93;109,04;228,95;364,42;567,76;1707,82;2494,50;601,10;35,02;83,06;151,10;79,92;4,28;12,97;34,03;0,525;0,489;1437166;54776;260613;345215;86062;84602;1059957;975355;81461;169476;805879;103506;1424804;1437166;0,566;0,701;0,652;0,787;0,693;0,711
2013;TO;17;72,52;17,43;7,39;51,29;8,09;12,24;13,41;15,95;15,68;11,08;93,90;96,73;57,14;16,93;90,04;98,18;84,58;35,60;92,74;68,03;57,27;82,67;51,91;45,22;38,63;11,87;14,21;9,88;590,66;106,57;231,81;365,72;577,85;1671,15;2403,92;598,40;32,47;81,17;151,40;79,65;4,93;13,20;34,20;0,517;0,469;1438368;48456;252828;354081;85418;101253;1089545;988292;81759;172209;816083;109546;1419761;1438368;0,573;0,740;0,679;0,792;0,691;0,721
2014;TO;17;72,82;16,86;7,92;51,40;8,16;12,15;12,99;15,40;11,97;8,67;94,49;97,29;57,68;17,44;88,89;98,90;82,05;32,33;93,53;67,62;58,50;84,51;53,38;54,86;39,84;10,58;13,87;9,73;628,99;112,45;253,03;401,51;618,08;1777,15;2535,46;635,71;33,31;81,44;149,33;81,15;4,54;12,01;30,06;0,512;0,468;1472204;52801;254053;333646;86720;79593;1110499;1030906;81379;169646;861260;118880;1456641;1472204;0,585;0,762;0,698;0,797;0,701;0,732
2015;TO;17;73,11;16,32;8,52;48,53;8,39;11,43;12,26;14,27;16,14;11,67;95,22;97,43;58,02;20,63;94,62;98,71;87,18;34,53;91,05;65,60;59,40;85,78;54,67;48,97;40,40;12,48;14,23;9,60;619,56;120,43;245,03;386,81;589,45;1755,10;2599,92;623,44;31,24;86,47;154,25;78,51;3,69;11,60;31,02;0,517;0,478;1463154;47114;236062;322924;82064;86862;1152375;1065513;73453;162107;903406;129436;1454034;1463154;0,594;0,751;0,694;0,802;0,699;0,732
2011;MA;21;69,07;27,50;7,14;61,78;6,46;21,64;23,52;28,52;31,14;26,15;94,06;96,64;42,61;6,35;97,07;98,12;83,50;25,04;79,18;50,69;52,60;74,87;46,82;36,10;29,84;5,64;16,43;11,16;336,86;46,12;128,68;206,43;329,55;975,51;1435,59;341,97;37,56;73,28;127,75;70,66;15,83;32,84;60,36;0,541;0,534;6394963;273244;1280274;1704358;461974;424084;4606778;4182694;385469;861305;3321389;477305;6299497;6394963;0,526;0,658;0,610;0,735;0,601;0,649
2012;MA;21;69,38;26,08;7,27;61,11;6,70;20,84;22,63;26,99;23,45;18,49;94,67;97,55;43,68;7,16;96,23;98,86;84,12;25,54;84,00;51,81;47,66;71,74;41,89;32,58;28,75;5,43;17,18;11,50;369,70;52,07;135,73;221,43;360,06;1079,76;1613,47;374,98;37,95;76,17;128,88;72,18;13,79;31,30;56,88;0,549;0,550;6569240;276992;1308069;1721660;429306;413591;4675846;4262255;364330;824223;3438032;490507;6476671;6569240;0,477;0,662;0,593;0,740;0,616;0,650
2013;MA;21;69,68;24,75;7,37;58,98;6,83;19,85;21,88;25,94;24,31;20,95;93,97;97,30;50,24;8,61;96,84;98,42;84,53;30,71;85,34;57,89;48,94;75,37;43,08;34,68;29,38;6,68;18,84;12,68;420,34;48,62;146,38;253,10;417,58;1235,84;1836,84;426,97;38,32;70,33;123,97;70,60;15,43;29,00;50,65;0,559;0,589;6514205;278833;1303161;1763224;455652;460063;4779606;4319543;363936;783655;3535888;501146;6412948;6514205;0,489;0,687;0,613;0,745;0,637;0,665
2014;MA;21;69,98;23,52;7,87;57,73;7,09;19,61;21,41;25,63;20,71;16,21;94,27;97,21;52,49;9,68;97,13;98,18;85,08;27,47;89,66;59,69;52,05;80,45;45,59;42,16;30,73;6,29;15,12;10,20;424,12;69,80;163,67;260,16;422,96;1190,48;1764,58;426,46;41,92;80,32;138,32;67,25;9,98;24,18;49,39;0,527;0,507;6561617;240737;1264961;1711908;430086;446947;4887297;4440350;390997;823379;3616971;539725;6525585;6561617;0,521;0,722;0,647;0,750;0,638;0,678
2015;MA;21;70,28;22,37;7,74;57,48;7,12;18,81;20,56;24,13;18,86;14,52;93,95;97,52;51,50;10,27;96,68;98,35;83,56;25,14;87,80;59,64;52,10;80,61;46,05;45,09;31,90;6,48;16,72;11,14;400,97;58,24;148,82;247,46;397,15;1152,78;1730,96;403,51;41,64;77,19;129,23;67,91;12,48;28,32;51,20;0,540;0,542;6681109;248798;1273971;1726450;437438;452479;4923108;4470629;360022;783209;3687420;535140;6639017;6681109;0,521;0,723;0,648;0,755;0,629;0,677
2011;PI;22;70,12;22,60;8,37;55,58;6,26;19,31;20,78;24,19;34,79;30,09;94,74;97,80;37,89;12,32;98,48;98,80;86,89;36,16;72,20;42,45;45,79;73,44;40,23;30,04;24,99;6,51;13,51;9,40;395,85;75,35;157,98;251,52;402,03;1097,02;1576,31;396,21;47,25;85,45;141,33;69,61;8,60;24,48;51,45;0,508;0,465;3108946;110822;562038;759518;196349;197480;2295983;2098503;159218;351616;1746887;264418;3106132;3108946;0,458;0,608;0,553;0,752;0,627;0,644
2012;PI;22;70,31;21,81;8,41;49,85;6,56;18,83;20,54;23,98;29,50;23,95;93,35;97,39;42,08;13,42;94,86;97,96;85,25;34,81;81,14;46,45;46,52;70,80;41,37;34,09;26,42;6,88;16,23;10,54;492,68;91,45;183,58;286,77;451,01;1449,24;2232,28;493,64;50,50;91,83;149,10;65,34;5,07;20,11;44,89;0,544;0,525;3160546;98414;496583;702413;158044;205830;2385592;2179762;173211;381291;1798471;267120;3154359;3160546;0,465;0,641;0,576;0,755;0,662;0,664
2013;PI;22;70,50;21,07;8,24;51,05;6,75;19,72;21,27;25,04;25,82;18,64;95,18;98,14;42,77;14,29;98,87;98,79;88,56;35,09;85,42;48,19;47,98;74,22;42,67;34,22;28,21;7,81;13,83;9,36;477,37;94,08;193,49;303,34;451,12;1345,39;1988,35;478,75;49,27;87,62;147,95;68,11;5,60;17,73;41,78;0,513;0,466;3156519;100866;520296;709492;168117;189196;2372382;2183186;171524;366989;1816197;262714;3147400;3156519;0,480;0,667;0,597;0,758;0,657;0,671
2014;PI;22;70,68;20,37;8,82;48,70;6,80;20,21;21,83;25,62;24,04;18,10;93,19;97,28;45,68;14,92;99,45;98,82;85,52;31,49;84,88;52,09;48,42;73,88;43,26;38,51;29,15;8,22;12,85;8,78;487,90;93,72;209,31;318,34;485,90;1330,79;1947,03;488,42;50,43;83,15;144,34;67,32;6,24;16,63;37,56;0,500;0,452;3181684;102023;474223;675467;163116;201244;2432255;2231011;180495;375560;1855451;281970;3178322;3181684;0,484;0,687;0,612;0,761;0,661;0,678
2015;PI;22;70,87;19,72;8,62;49,06;7,07;18,18;19,72;23,06;22,78;17,32;94,09;97,07;49,57;10,94;97,06;98,16;85,88;31,59;82,49;57,06;49,42;76,27;44,17;35,03;29,82;8,62;13,80;9,53;457,55;79,65;182,39;303,72;475,98;1248,07;1807,45;459,83;42,64;82,12;138,70;68,84;7,89;20,62;42,68;0,507;0,473;3180772;95694;518954;714273;189682;195319;2427658;2232339;176744;365296;1867043;276382;3165010;3180772;0,494;0,679;0,611;0,765;0,650;0,675
2011;CE;23;72,65;18,57;8,95;50,48;7,02;16,49;17,90;21,15;19,24;14,89;93,94;96,57;52,21;12,69;96,60;98,36;84,88;27,81;88,70;60,71;54,70;81,61;49,00;47,40;32,21;6,84;16,21;10,92;430,09;65,60;161,13;262,92;419,60;1238,36;1837,56;434,32;38,30;79,19;137,54;70,35;10,16;25,47;49,91;0,537;0,526;8452632;276144;1386564;1934377;519935;547813;6529987;5982174;468571;1045008;4937166;775429;8370311;8452632;0,547;0,734;0,665;0,794;0,640;0,700
2012;CE;23;72,91;17,56;9,25;49,62;7,16;16,27;17,64;20,83;17,29;13,89;94,12;96,93;53,37;12,34;96,56;98,35;85,67;26,54;88,70;61,93;52,91;81,26;46,89;47,63;30,81;7,22;15,06;10,12;465,93;77,57;183,32;289,54;456,95;1319,92;1964,22;469,28;43,23;81,32;141,20;68,23;8,44;21,23;44,15;0,524;0,497;8443920;254666;1357926;1909189;476565;551263;6643146;6091883;477895;1067882;5024001;807489;8383760;8443920;0,529;0,737;0,660;0,799;0,653;0,704
2013;CE;23;73,15;16,65;9,34;48,39;7,39;16,72;18,09;21,65;16,31;12,63;93,69;97,54;53,15;12,13;98,48;98,80;83,23;25,26;90,08;62,33;54,34;80,98;48,39;49,35;32,92;7,60;14,02;9,66;454,63;76,68;184,52;293,21;462,80;1261,38;1831,44;460,46;37,45;78,41;140,54;66,55;8,29;20,58;43,85;0,513;0,472;8417958;256441;1346294;1881888;473175;535594;6750621;6215027;513094;1135277;5079750;821367;8311417;8417958;0,543;0,751;0,674;0,803;0,649;0,709
2014;CE;23;73,39;15,81;9,84;48,15;7,44;16,28;17,49;20,65;13,77;10,65;93,37;97,39;57,28;14,90;98,18;98,33;83,46;27,42;91,71;66,55;54,17;82,23;48,51;49,99;33,07;7,44;13,31;9,13;481,88;90,02;198,34;314,62;490,98;1316,55;1918,35;483,88;43,56;81,67;146,15;69,09;6,31;17,26;40,70;0,503;0,459;8660297;244219;1289362;1795546;447000;506184;6853834;6347650;488581;1064789;5282861;871915;8624448;8660297;0,542;0,766;0,682;0,807;0,659;0,716
2015;CE;23;73,62;15,07;10,65;48,51;7,44;17,33;18,59;21,90;13,74;10,27;93,70;97,65;56,59;15,71;97,22;98,59;82,42;27,54;92,43;67,96;54,59;83,43;48,81;53,92;33,89;7,22;12,70;8,89;438,94;77,10;184,02;298,12;469,70;1161,14;1658,41;438,98;43,89;80,92;136,67;67,64;8,76;21,32;42,22;0,491;0,458;8688588;245889;1282433;1771921;426035;489488;6959191;6469703;495541;1080340;5389363;950311;8687880;8688588;0,546;0,779;0,692;0,810;0,644;0,715
2011;RN;24;74,41;19,25;8,37;47,47;7,42;15,84;16,92;19,67;24,08;19,88;91,71;95,32;46,18;11,85;94,30;97,43;81,96;28,77;80,82;53,21;51,77;76,77;46,63;45,89;32,50;8,62;17,88;11,91;506,08;82,17;177,60;277,58;444,79;1546,39;2322,18;509,61;36,42;86,05;146,49;71,61;6,56;21,24;46,52;0,559;0,560;3255921;96375;521505;720963;193963;199458;2521551;2322093;163467;396472;1925621;276911;3233354;3255921;0,518;0,686;0,624;0,824;0,666;0,705
2012;RN;24;74,69;18,08;8,33;45,22;7,82;16,04;17,05;20,40;22,15;17,96;92,05;96,26;43,88;15,33;97,09;98,45;81,63;32,18;81,95;52,38;55,17;76,66;50,27;40,69;36,42;9,43;14,91;10,23;561,57;102,12;216,15;331,49;534,58;1627,60;2373,26;564,32;37,18;86,27;148,31;68,92;4,81;15,23;36,83;0,529;0,501;3292158;106084;477993;659325;164057;181332;2583513;2402181;195513;446515;1955666;278760;3276121;3292158;0,552;0,680;0,634;0,828;0,683;0,715
2013;RN;24;74,97;17,04;8,64;45,05;7,78;17,17;18,36;21,52;21,09;15,28;92,24;97,22;40,44;14,98;95,49;98,75;79,78;30,44;90,42;51,47;55,87;79,23;51,10;45,75;36,62;9,41;15,98;10,84;590,27;101,23;217,38;346,87;559,52;1726,98;2546,15;595,81;39,90;84,67;150,33;72,11;5,27;15,02;36,86;0,539;0,514;3230220;88761;480525;662051;160173;181526;2624213;2442687;188210;414458;2028229;292301;3200192;3230220;0,559;0,708;0,654;0,833;0,691;0,726
2014;RN;24;75,23;16,14;8,67;43,54;7,60;16,21;17,27;20,67;23,66;18,40;93,63;98,39;45,95;13,85;91,67;99,12;82,35;28,61;85,49;53,68;54,75;76,56;50,03;46,05;35,45;8,43;12,39;8,52;531,69;108,02;232,68;348,06;526,43;1451,22;2110,82;532,55;43,63;86,14;155,71;69,66;4,66;13,60;35,54;0,495;0,438;3373627;89060;462203;645731;172057;183528;2676629;2493101;205111;443287;2049814;296203;3368229;3373627;0,548;0,692;0,640;0,837;0,674;0,717
2015;RN;24;75,48;15,34;8,62;44,58;8,09;15,77;16,83;19,88;21,71;15,88;93,32;98,27;41,83;15,46;97,06;98,70;81,28;29,58;93,33;51,79;55,66;75,79;51,61;44,07;38,13;10,19;13,42;9,40;532,78;95,51;217,05;346,87;538,31;1469,23;2096,87;533,33;46,83;83,36;144,02;69,24;6,90;16,35;36,70;0,506;0,471;3409386;96076;488855;666180;169543;177325;2683865;2506540;190745;420357;2086183;297414;3405854;3409386;0,557;0,716;0,658;0,841;0,675;0,725
2011;PB;25;71,59;21,46;9,29;47,62;7,05;17,23;18,54;21,61;26,16;21,55;93,33;96,64;42,12;15,63;92,90;98,59;83,97;31,27;82,63;50,00;51,85;74,08;47,55;35,35;32,50;10,48;15,71;10,68;489,23;88,07;180,50;283,60;463,13;1433,98;2109,17;493,02;38,45;88,07;150,30;69,13;6,34;20,13;47,21;0,537;0,509;3737613;114439;576558;806665;208852;230107;2971580;2741473;196360;443991;2297482;358296;3708853;3737613;0,519;0,652;0,604;0,777;0,661;0,681
2012;PB;25;71,94;20,18;9,22;49,40;7,29;18,59;19,95;23,48;26,66;22,27;92,98;96,15;43,55;12,78;93,45;97,71;82,81;30,96;80,83;50,14;49,17;70,22;44,85;38,44;32,15;9,51;14,90;10,12;510,68;96,26;195,00;306,29;485,45;1473,71;2169,89;514,02;41,67;88,43;147,09;66,07;5,21;17,54;40,81;0,528;0,490;3795343;103465;592416;807333;221697;214917;2961512;2746595;213082;467410;2279185;358408;3770709;3795343;0,492;0,657;0,597;0,782;0,668;0,682
2013;PB;25;72,29;19,02;8,55;47,31;7,29;18,21;19,50;22,82;22,02;16,96;91,76;96,66;44,48;17,88;98,39;97,30;79,70;31,50;85,93;50,75;50,46;75,10;45,57;40,55;32,18;9,52;14,52;9,89;508,50;93,35;199,41;307,71;494,14;1447,53;2125,85;513,14;42,58;85,69;150,78;67,75;6,49;17,34;41,80;0,522;0,479;3853658;117807;587174;799364;211560;212190;2995371;2783181;207743;460483;2322698;335080;3818818;3853658;0,505;0,689;0,621;0,788;0,667;0,692
2014;PB;25;72,61;17,97;9,54;49,33;7,48;16,91;18,01;21,39;21,58;17,80;91,48;96,60;43,32;16,97;95,85;97,56;79,62;29,43;85,45;52,87;50,90;69,54;47,05;46,67;34,27;10,03;13,49;9,43;545,34;103,50;220,04;341,86;535,31;1526,13;2181,58;547,73;38,91;76,54;151,52;65,91;5,81;12,95;36,43;0,510;0,471;3860844;120210;586690;782252;205521;195562;3020653;2825091;214871;484546;2340545;376801;3844026;3860844;0,509;0,702;0,631;0,794;0,678;0,701
2015;PB;25;72,93;17,01;9,30;47,33;7,71;17,13;18,17;21,14;22,50;18,71;92,92;97,09;49,54;19,37;95,60;98,32;81,12;32,19;83,18;58,20;55,31;77,92;51,05;48,27;37,24;11,28;14,99;10,20;523,52;89,49;203,52;324,37;507,86;1493,86;2196,38;525,51;41,29;82,49;142,47;69,34;6,71;17,76;38,57;0,524;0,500;3923954;117652;576641;785439;203622;208798;3068698;2859900;206216;453805;2406095;369774;3909085;3923954;0,553;0,713;0,655;0,799;0,672;0,709
2011;PE;26;71,65;17,08;7,98;48,62;7,38;15,74;16,82;19,43;29,18;25,61;92,26;96,40;42,69;10,38;92,03;98,07;79,90;28,37;76,79;52,15;55,84;73,93;52,14;39,20;34,49;7,90;14,97;10,22;429,29;69,37;169,00;267,89;427,37;1218,11;1783,97;436,22;33,28;77,28;140,12;70,27;10,12;23,37;48,87;0,526;0,502;8211319;292079;1446599;1968268;488972;521669;6832554;6310885;466436;1070564;5240321;724524;8080759;8211319;0,558;0,650;0,618;0,778;0,640;0,679
2012;PE;26;72,13;15,87;8,73;49,68;7,65;16,74;17,87;20,64;26,18;22,77;92,45;96,37;45,03;12,18;94,18;98,17;79,38;27,86;83,51;54,12;54,77;74,53;51,07;42,55;35,04;8,25;13,41;9,24;490,36;89,99;203,45;313,10;488,56;1355,58;1967,02;495,23;35,78;79,53;145,67;71,07;6,95;17,19;39,76;0,507;0,462;8814546;279250;1468356;1976614;535501;508258;6913912;6405654;437469;1009933;5395721;799355;8727924;8814546;0,548;0,686;0,636;0,786;0,661;0,694
2013;PE;26;72,60;14,85;9,44;48,61;7,86;15,27;16,31;18,77;22,04;18,65;92,62;94,92;50,72;13,44;93,04;97,57;83,16;28,06;84,36;59,86;54,63;76,27;50,46;44,67;36,97;8,77;13,08;9,15;494,79;87,87;206,53;328,86;512,57;1346,15;1924,85;501,35;36,04;76,15;143,30;69,54;7,63;16,69;38,72;0,500;0,452;8673130;263639;1366134;1869086;474973;502952;7077087;6574135;475805;1063004;5511131;870823;8559679;8673130;0,546;0,705;0,647;0,793;0,663;0,701
2014;PE;26;73,05;13,99;9,68;48,39;7,94;14,76;15,80;18,10;20,35;16,40;93,08;95,94;48,41;13,59;93,64;98,26;81,62;26,27;86,09;56,82;55,16;76,70;51,19;46,02;36,91;9,77;13,40;9,23;529,47;98,96;217,43;340,18;528,84;1460,25;2120,31;532,41;39,51;81,99;147,10;69,28;5,75;15,01;36,25;0,505;0,461;8798808;267022;1355828;1842893;471677;487065;7161215;6674150;472971;1038326;5635824;899126;8750240;8798808;0,552;0,706;0,651;0,801;0,674;0,709
2015;PE;26;73,48;13,26;10,44;47,94;7,92;15,36;16,45;19,08;21,49;18,67;92,47;96,15;48,95;14,73;96,99;98,39;80,64;29,04;85,76;59,00;55,17;77,20;51,15;45,73;37,21;9,96;14,69;9,84;500,13;88,66;199,42;312,25;485,81;1417,09;2115,87;500,28;42,38;81,36;144,94;67,72;7,30;17,69;40,29;0,521;0,504;9217551;244677;1370132;1889463;481873;519331;7303871;6784540;502469;1047777;5736763;977339;9214796;9217551;0,552;0,719;0,658;0,808;0,665;0,710
2011;AL;27;69,61;27,95;6,76;54,84;6,28;21,78;23,71;28,06;29,34;22,52;90,96;95,05;32,63;11,67;86,77;96,36;77,37;30,45;83,79;39,47;47,59;67,58;43,05;28,78;25,41;5,81;14,60;9,89;352,12;58,96;142,25;219,15;340,72;994,99;1468,68;358,87;33,98;80,05;137,07;68,02;10,96;29,40;58,43;0,523;0,479;3068992;111377;630555;854496;214504;223941;2326485;2102544;167932;388918;1713626;220387;3011239;3068992;0,476;0,597;0,554;0,744;0,608;0,635
2012;AL;27;70,03;25,90;7,16;51,40;6,62;21,83;23,85;27,96;27,84;21,97;90,88;93,84;37,33;11,16;89,65;95,96;78,93;29,46;80,85;44,27;45,10;66,20;40,52;32,23;26,44;6,53;12,59;8,68;393,29;77,08;170,20;254,13;392,92;1073,55;1556,35;398,52;35,06;79,89;146,26;70,69;8,67;20,98;50,51;0,498;0,440;3218016;104876;567176;793200;198300;226024;2404307;2178283;181432;388765;1789518;235075;3175834;3218016;0,451;0,618;0,556;0,751;0,626;0,644
2013;AL;27;70,44;24,03;7,05;50,86;6,74;21,65;23,22;27,54;28,77;22,78;92,44;95,14;37,42;12,66;89,83;97,15;80,00;28,73;83,08;42,26;47,31;66,57;42,78;32,80;26,74;7,05;14,88;10,19;412,86;65,70;162,34;262,03;412,72;1162,23;1696,92;424,38;32,16;78,51;135,09;69,98;10,25;24,54;48,80;0,522;0,470;3188987;107149;572664;760317;200369;187653;2424403;2236750;186455;425567;1811183;233044;3102418;3188987;0,473;0,620;0,567;0,757;0,634;0,653
2014;AL;27;70,84;22,36;7,25;48,32;6,69;21,97;23,87;28,46;21,21;14,88;90,63;94,90;39,55;12,28;92,27;96,74;77,44;28,14;89,17;50,42;48,63;68,83;43,85;36,74;29,12;6,33;12,69;8,57;414,51;76,94;176,25;267,54;421,52;1084,38;1605,87;415,04;42,84;77,50;144,46;68,56;8,69;20,27;47,91;0,497;0,455;3269758;108305;551051;765831;187868;214780;2483577;2268797;216588;433773;1835024;241113;3265569;3269758;0,486;0,672;0,603;0,764;0,634;0,667
2015;AL;27;71,23;20,86;8,78;48,87;7,03;20,01;21,47;25,11;24,11;17,72;92,19;95,16;39,75;13,10;87,98;96,70;84,54;30,51;87,38;47,32;47,70;71,64;43,07;37,04;29,25;8,79;11,96;8,10;406,34;76,41;175,07;275,10;421,89;1018,82;1503,42;406,34;40,88;83,61;140,81;64,00;8,17;22,78;46,17;0,484;0,436;3265050;99421;533583;733055;194431;199472;2540804;2341332;186874;379418;1961914;293854;3265050;3265050;0,477;0,649;0,586;0,771;0,631;0,663
2011;SE;28;71,31;21,25;7,50;49,67;7,51;15,98;16,99;20,08;33,31;28,75;93,71;97,41;40,91;13,56;95,33;98,13;83,77;31,54;75,73;44,48;52,50;71,41;48,27;35,11;33,78;7,51;17,23;11,32;527,59;94,40;186,93;288,31;471,88;1591,85;2424,21;530,09;40,33;88,32;153,25;71,40;5,51;17,71;45,24;0,556;0,550;2088475;78117;351899;464349;112796;112450;1598953;1486503;109156;271966;1214537;161353;2078620;2088475;0,525;0,627;0,591;0,772;0,673;0,679
2012;SE;28;71,60;20,05;7,14;47,55;7,40;16,31;17,54;20,90;30,83;25,66;94,22;98,30;41,30;14,21;98,55;99,20;84,42;32,20;80,72;46,23;51,55;75,22;46,26;38,68;33,20;8,03;15,81;10,57;542,12;99,03;201,52;315,08;505,02;1588,11;2376,23;544,76;39,20;91,72;149,26;74,44;4,14;17,37;39,69;0,540;0,517;2125141;71233;343759;476233;114242;132474;1630998;1498524;124561;273557;1224967;155529;2114817;2125141;0,516;0,660;0,608;0,777;0,678;0,688
2013;SE;28;71,88;18,94;7,46;45,98;7,58;16,93;18,05;20,98;28,50;22,87;94,53;97,82;43,19;17,57;98,47;99,06;86,09;36,62;86,44;49,11;53,21;76,08;48,43;38,65;33,52;8,77;17,39;11,19;581,83;104,82;208,94;326,54;510,31;1755,92;2727,70;587,21;37,80;85,38;151,94;73,57;4,62;14,05;38,27;0,557;0,546;2130320;70866;347452;469668;114601;122216;1672231;1550015;113168;267561;1282454;164157;2110797;2130320;0,532;0,682;0,628;0,781;0,689;0,699
2014;SE;28;72,15;17,94;8,05;47,43;7,24;17,15;18,39;21,56;27,67;22,60;93,28;96,67;41,21;15,60;95,58;97,81;83,52;32,42;81,39;45,60;50,63;72,37;46,18;32,53;31,03;7,91;11,78;8,17;500,83;113,65;213,51;336,01;505,86;1336,96;1926,81;502,93;40,23;92,43;156,76;72,42;3,27;13,14;37,58;0,483;0,408;2165040;65423;347331;478912;130113;131581;1688661;1557080;119993;264212;1292868;179254;2156005;2165040;0,506;0,638;0,591;0,786;0,665;0,681
2015;SE;28;72,41;17,02;7,81;45,63;7,59;15,63;16,78;19,98;28,98;21,56;93,54;96,65;35,19;14,61;96,31;98,60;82,96;31,32;83,33;40,22;52,27;71,45;48,20;38,12;34,03;8,03;11,73;8,44;463,77;93,35;196,73;316,37;488,76;1223,95;1701,88;467,48;41,03;90,40;145,24;68,88;5,33;18,87;40,10;0,480;0,404;2215321;69651;339481;470718;118784;131237;1719674;1588437;132718;278614;1309823;175590;2197725;2215321;0,523;0,645;0,601;0,790;0,652;0,681
2011;BA;29;72,20;21,95;7,88;50,12;7,10;14,45;15,62;18,17;36,16;31,21;94,05;97,20;38,89;8,42;93,78;98,19;84,11;30,71;71,68;47,11;52,68;74,81;48,38;34,96;32,96;5,98;17,62;11,68;465,92;67,52;168,89;274,94;440,47;1380,79;2082,68;471,80;36,59;78,50;137,80;73,45;10,29;24,45;47,85;0,554;0,562;13792220;511511;2450009;3328178;845136;878169;11088019;10209850;710648;1661009;8548841;1173038;13620156;13792220;0,527;0,619;0,586;0,787;0,653;0,675
2012;BA;29;72,47;20,87;8,39;49,01;7,35;15,89;17,05;19,99;29,26;23,73;93,55;97,19;42,10;9,49;92,74;98,18;84,26;31,10;80,84;47,82;50,96;72,19;46,72;34,62;34,13;6,52;16,82;11,15;491,47;78,32;181,57;287,53;461,14;1448,54;2185,17;498,00;36,62;80,18;139,18;72,61;8,21;21,06;44,01;0,548;0,537;14309666;463199;2393413;3249177;865477;855764;11307415;10451651;824887;1742435;8709216;1256242;14122131;14309666;0,510;0,640;0,593;0,791;0,662;0,682
2013;BA;29;72,73;19,86;8,80;49,47;7,58;14,91;16,00;18,53;27,68;22,25;93,16;96,80;40,98;9,37;96,39;98,01;82,70;31,53;83,27;46,97;52,86;73,44;49,08;35,12;35,67;7,50;17,85;11,78;542,17;82,55;193,67;311,29;496,40;1626,67;2465,25;548,81;37,13;77,75;142,43;72,71;7,38;18,34;41,46;0,557;0,557;14350204;461026;2422562;3261943;852924;839381;11402355;10562974;757991;1638987;8923987;1324767;14176511;14350204;0,529;0,654;0,609;0,796;0,678;0,694
2014;BA;29;72,99;18,95;8,94;47,04;7,63;14,74;15,79;18,20;26,59;20,84;93,60;97,00;42,54;11,86;95,73;98,41;84,61;31,71;85,60;49,44;53,46;75,26;49,48;40,71;36,89;7,84;14,87;10,06;558,53;102,01;216,61;338,75;530,10;1602,00;2368,38;558,82;45,46;86,40;149,74;72,67;5,08;15,23;36,67;0,526;0,501;14680759;435512;2262087;3134219;752108;872132;11652425;10780293;791715;1664991;9115302;1353644;14673318;14680759;0,535;0,679;0,627;0,800;0,682;0,703
2015;BA;29;73,23;18,11;9,62;48,06;7,71;13,52;14,49;16,70;26,17;20,67;93,85;97,06;45,13;11,75;96,62;98,27;84,64;31,00;84,00;51,08;53,68;76,19;49,68;39,99;36,90;7,28;13,89;9,53;493,98;88,93;197,32;318,86;499,86;1364,26;1988,47;494,67;44,17;84,34;142,87;69,56;6,63;18,37;39,84;0,509;0,477;14984863;424152;2276226;3153150;790826;876924;11743818;10866894;782900;1637575;9229319;1464122;14963925;14984863;0,537;0,679;0,628;0,804;0,663;0,698
2011;MG;31;75,82;13,88;9,16;44,88;8,00;7,88;8,34;9,66;17,85;14,76;93,61;97,89;55,92;15,25;91,79;98,66;82,79;27,60;89,27;65,75;55,44;83,37;50,19;48,22;34,84;10,28;12,61;8,71;691,67;142,99;293,32;453,32;669,79;1900,51;2750,35;696,79;28,20;86,69;164,00;74,99;2,56;8,28;25,20;0,496;0,431;19305714;555076;2867935;3919121;1047766;1051186;15894041;14842855;989894;2347648;12495207;1862649;19163792;19305714;0,554;0,738;0,671;0,847;0,717;0,745
2012;MG;31;76,13;13,20;8,98;43,94;8,30;7,36;7,85;9,07;15,41;12,31;94,58;97,70;59,68;16,06;92,70;98,71;85,82;27,63;91,10;67,28;55,77;82,96;50,83;49,53;36,91;11,34;12,53;8,61;758,22;156,86;327,11;493,85;729,48;2083,55;3031,86;764,05;26,54;84,32;157,81;76,30;2,29;6,75;20,21;0,496;0,431;20031021;564653;2870013;3962311;1044278;1092298;16068363;14976065;986415;2301159;12674906;1838966;19878228;20031021;0,558;0,752;0,680;0,852;0,731;0,754
2013;MG;31;76,41;12,56;9,33;43,27;8,37;7,60;8,09;9,40;12,89;9,57;94,52;98,05;60,70;17,32;93,05;98,63;85,71;29,88;94,32;68,68;57,06;85,11;52,01;49,19;37,95;11,89;11,88;8,25;776,31;165,19;341,78;520,79;761,40;2092,14;3010,98;783,55;28,53;76,95;161,00;75,69;2,52;6,09;19,12;0,486;0,411;20012407;515210;2796915;3876121;1003502;1079206;16321607;15242401;1026418;2327964;12914437;1923896;19827389;20012407;0,571;0,763;0,693;0,857;0,735;0,762
2014;MG;31;76,70;11,97;9,75;42,84;8,47;7,06;7,51;8,67;11,69;8,42;94,68;98,16;59,43;17,61;94,41;98,59;86,74;27,85;95,45;67,60;57,84;84,38;53,20;55,18;39,05;12,13;11,62;8,12;790,11;170,06;350,69;533,67;781,40;2114,16;3024,85;794,77;32,57;80,06;160,85;75,44;2,23;5,71;18,25;0,482;0,410;20362052;545034;2668414;3721593;946553;1053179;16563107;15509928;1027160;2308556;13201372;2024960;20242670;20362052;0,578;0,782;0,707;0,862;0,738;0,769
2015;MG;31;76,97;11,41;10,38;42,40;8,53;6,79;7,21;8,31;10,44;6,73;94,91;98,30;59,45;19,32;96,06;98,84;87,09;29,87;96,05;66,77;58,00;86,89;53,14;55,12;39,88;12,04;12,48;8,50;755,97;158,54;326,81;499,31;731,21;2062,26;3029,13;758,94;33,43;90,82;160,05;74,46;1,97;7,20;20,27;0,492;0,428;20680736;490845;2566922;3634776;933404;1067854;16845980;15778126;1066514;2270378;13507748;2169236;20599873;20680736;0,580;0,785;0,710;0,866;0,731;0,769
2011;ES;32;76,36;11,30;7,97;43,22;8,54;6,38;6,83;7,99;23,59;20,72;93,81;96,92;54,07;15,69;93,06;98,91;85,05;26,47;82,63;65,76;62,55;83,21;58,69;52,60;40,94;11,36;12,39;8,77;723,29;145,10;304,79;468,01;728,15;1973,31;2786,72;731,77;25,76;81,70;160,97;77,89;2,92;8,01;23,82;0,494;0,423;3500667;113693;529508;723203;175797;193695;2921692;2727997;182105;429476;2298521;299480;3460140;3500667;0,626;0,735;0,697;0,856;0,724;0,759
2012;ES;32;76,76;10,69;8,50;43,29;8,79;6,73;7,15;8,28;21,36;19,06;93,08;96,94;54,34;14,59;95,79;97,93;81,79;26,79;89,20;64,74;60,97;82,36;57,26;54,35;41,66;11,24;12,27;8,61;796,85;169,65;338,15;512,60;780,56;2186,84;3115,47;806,35;14,19;76,75;162,99;77,55;1,95;5,53;18,65;0,493;0,413;3664735;103809;552886;741913;177013;189027;2977447;2788420;175908;411918;2376502;323427;3621572;3664735;0,610;0,760;0,706;0,863;0,739;0,769
2013;ES;32;77,14;10,14;8,61;42,92;8,74;6,59;7,02;8,08;22,72;19,71;94,16;97,20;54,74;18,37;93,30;98,28;84,62;27,95;88,56;61,54;61,10;82,81;57,15;54,28;42,30;11,64;12,20;8,60;755,07;143,70;326,76;516,28;759,21;2021,79;2869,31;769,85;16,43;71,06;153,41;78,12;3,21;7,51;22,08;0,490;0,410;3721006;110834;530775;723883;174828;193108;3024541;2831433;179960;435344;2396089;331354;3649592;3721006;0,611;0,744;0,697;0,869;0,731;0,766
2014;ES;32;77,51;9,64;9,19;44,11;8,80;6,55;6,95;8,00;20,00;16,47;91,87;96,66;51,80;20,17;96,72;97,55;81,33;32,48;87,30;62,95;60,14;85,41;55,91;52,04;41,67;12,26;12,02;8,49;816,08;172,51;348,51;532,36;815,68;2211,48;3130,07;819,99;28,97;88,98;163,48;76,31;1,59;5,44;18,22;0,488;0,414;3696194;107545;527801;722921;185132;195120;3060282;2865162;187494;410831;2454331;357928;3678560;3696194;0,601;0,748;0,695;0,875;0,743;0,771
2015;ES;32;77,85;9,19;9,94;43,63;9,02;5,95;6,33;7,22;16,49;14,24;93,96;97,80;56,23;22,03;94,01;98,61;84,02;32,65;91,35;65,50;63,26;87,48;59,69;58,39;44,67;13,94;12,19;8,71;743,26;151,67;309,74;496,45;749,07;2009,49;2812,18;749,95;26,85;79,00;157,43;76,29;2,55;6,88;21,41;0,488;0,417;3832617;100152;516928;704637;173309;187709;3133974;2946265;171493;378397;2567868;391610;3798433;3832617;0,633;0,773;0,723;0,881;0,728;0,777
2011;RJ;33;74,56;13,60;10,08;43,89;9,47;3,67;3,89;4,39;30,63;27,14;94,88;97,51;47,79;16,16;92,09;98,61;87,64;32,08;80,19;54,51;67,74;84,67;64,99;45,58;47,63;14,80;15,26;10,38;853,69;159,51;322,68;498,94;786,99;2501,80;3680,28;863,44;21,75;81,85;168,38;72,60;2,33;6,63;21,90;0,532;0,488;14289008;403798;2184399;3000791;806354;816392;12894523;12078131;721770;1687754;10390377;1633979;14127685;14289008;0,677;0,681;0,680;0,826;0,750;0,752
2012;RJ;33;74,90;13,14;11,05;45,59;9,70;3,79;4,00;4,50;26,08;22,46;94,94;98,02;49,67;15,49;93,34;98,84;86,76;31,30;81,95;57,74;68,55;84,82;65,98;46,07;48,20;15,26;15,00;10,24;898,92;161,75;348,94;538,37;838,14;2614,84;3829,25;914,26;17,24;73,01;154,45;73,43;2,76;6,56;18,63;0,529;0,480;14481719;417691;2135534;2917385;747970;781851;12998934;12217083;724936;1666815;10550268;1800870;14238774;14481719;0,686;0,698;0,694;0,832;0,759;0,762
2013;RJ;33;75,24;12,71;11,04;43,12;9,83;3,74;3,94;4,39;23,98;20,11;95,43;98,75;51,89;17,15;95,46;99,25;88,42;32,08;84,67;58,96;69,93;86,18;67,43;48,97;50,48;16,24;15,29;10,50;966,19;168,97;368,18;567,75;892,21;2818,91;4106,01;986,62;14,63;57,95;152,90;74,92;3,14;5,64;16,64;0,531;0,479;14980019;409805;2027207;2857431;705566;830224;13268821;12438597;736100;1658677;10779920;1810792;14669759;14980019;0,699;0,720;0,713;0,837;0,770;0,773
2014;RJ;33;75,57;12,29;11,66;43,23;9,94;3,21;3,38;3,81;22,17;18,12;94,82;97,83;51,84;16,75;93,81;98,64;87,36;33,19;87,93;58,51;70,86;87,06;68,38;46,70;51,54;16,27;14,47;9,83;997,62;199,70;390,05;593,49;915,16;2899,41;4266,22;1000,30;32,85;80,08;169,10;73,76;1,45;3,56;14,37;0,523;0,481;15677119;376780;1905396;2663477;627307;758081;13434915;12676834;743205;1685915;10990919;1921988;15635042;15677119;0,709;0,717;0,714;0,843;0,776;0,778
2015;RJ;33;75,88;11,89;12,15;43,59;10,03;3,02;3,19;3,54;21,63;17,68;95,62;98,07;53,54;16,74;95,81;99,26;89,29;33,30;86,58;60,48;72,60;87,89;70,27;46,57;52,52;16,46;14,93;9,94;932,21;190,40;361,25;544,74;822,86;2741,65;4118,91;933,91;40,56;94,46;170,96;73,50;1,16;4,32;16,06;0,530;0,490;16115050;383213;1887193;2678996;636340;791803;13559905;12768102;801268;1690008;11078094;2014541;16085805;16115050;0,726;0,724;0,724;0,848;0,765;0,779
2011;SP;35;76,47;11,58;8,73;41,71;9,48;3,67;3,85;4,42;11,71;9,94;94,62;96,66;67,12;17,08;95,48;98,77;84,39;24,84;92,21;78,86;70,34;92,80;66,40;66,17;49,06;15,89;11,43;7,98;908,80;202,12;408,36;598,68;894,49;2436,01;3489,73;918,81;13,99;72,66;167,72;80,91;1,71;4,04;14,22;0,480;0,393;39948679;1120627;5784502;7764527;2084186;1980025;34087946;32107921;1932214;4785973;27321948;3753354;39513716;39948679;0,703;0,832;0,787;0,858;0,761;0,802
2012;SP;35;76,82;11,19;9,08;41,95;9,69;3,81;4,02;4,57;10,55;8,74;94,87;97,07;69,30;17,88;93,19;98,71;85,76;27,12;95,45;80,14;69,70;91,30;66,06;63,51;50,73;16,20;11,89;8,24;993,08;220,62;438,38;640,33;969,65;2713,53;3916,28;1004,55;10,97;57,55;162,77;80,14;1,66;3,05;11,33;0,488;0,406;40304857;1131265;5681705;7652309;1940665;1970604;34503985;32533381;2014515;4688939;27844442;3939858;39844754;40304857;0,697;0,831;0,784;0,864;0,775;0,808
2013;SP;35;77,16;10,83;9,32;41,85;9,73;3,71;3,92;4,48;9,02;7,42;94,82;97,02;68,46;18,20;95,75;99,17;85,04;26,18;96,23;80,20;71,24;92,41;67,73;64,13;51,28;16,79;11,86;8,28;1008,99;216,39;449,88;650,80;984,13;2757,24;3951,67;1021,36;15,81;58,26;155,21;80,68;2,00;3,71;11,51;0,489;0,409;39735756;1144831;5592245;7638307;1941356;2046062;34934996;32888934;2097645;4681557;28207377;4079250;39254673;39735756;0,712;0,841;0,796;0,869;0,777;0,814
2014;SP;35;77,48;10,49;9,85;41,27;9,87;3,76;3,97;4,53;7,24;5,50;95,23;97,19;70,82;21,49;95,99;99,30;86,45;29,07;96,41;82,62;70,36;92,50;66,72;66,46;52,15;18,25;11,96;8,32;1047,38;234,23;453,10;666,55;1016,50;2858,39;4111,83;1054,70;20,25;65,72;162,92;80,57;1,39;2,78;9,97;0,489;0,411;40632812;1034369;5394495;7479449;1744607;2084954;35594007;33509053;2109296;4741009;28768044;4349019;40350800;40632812;0,704;0,854;0,800;0,875;0,783;0,819
2015;SP;35;77,79;10,16;10,45;41,36;9,99;3,53;3,72;4,25;6,76;5,11;95,22;97,39;72,86;20,55;97,07;99,32;86,06;29,25;97,11;83,61;72,00;93,30;68,55;65,87;53,60;18,46;11,60;8,10;954,58;210,43;423,03;625,47;944,88;2566,70;3674,70;962,78;17,43;68,91;158,81;78,67;1,75;3,82;12,16;0,482;0,402;42074767;1066361;5275705;7345010;1762281;2069305;36130294;34060989;2149123;4746623;29314366;4649533;41716372;42074767;0,720;0,859;0,810;0,880;0,768;0,819
2011;PR;41;75,49;11,53;8,26;42,51;8,52;6,27;6,71;7,83;18,30;15,66;92,27;95,42;58,08;20,21;87,52;98,01;81,67;30,42;90,33;68,87;60,04;85,31;55,30;53,45;39,22;12,37;10,54;7,58;813,49;187,22;374,31;550,63;831,85;2129,03;2958,92;820,54;17,49;78,89;169,08;79,85;1,68;4,60;16,36;0,467;0,374;10502812;293817;1513323;2115612;551836;602289;8505343;7903054;525319;1248867;6654187;895829;10412558;10502812;0,600;0,750;0,697;0,842;0,743;0,761
2012;PR;41;75,82;11,04;8,51;42,57;8,87;5,27;5,60;6,52;12,68;9,83;92,54;95,43;59,63;18,87;91,43;98,17;81,39;29,17;92,69;70,91;61,83;85,87;57,39;55,12;41,33;13,73;11,21;7,84;889,67;197,49;410,61;584,78;876,61;2384,53;3409,14;897,53;17,10;76,82;160,17;80,30;1,64;4,39;13,93;0,479;0,396;10664124;298124;1491796;2049160;524157;557364;8600630;8043266;543264;1253495;6789771;930593;10570754;10664124;0,618;0,775;0,719;0,847;0,757;0,774
2013;PR;41;76,15;10,57;8,63;41,79;9,12;5,33;5,65;6,51;10,97;8,69;93,40;96,73;60,75;21,03;93,28;98,84;83,35;30,28;94,00;73,66;65,39;87,33;61,42;56,77;44,53;14,62;10,48;7,43;925,99;214,79;434,87;630,33;935,31;2414,77;3403,72;934,28;22,90;69,80;160,10;80,77;1,84;3,72;12,01;0,465;0,373;10517962;288321;1414814;1952484;493112;537670;8724677;8187007;560374;1254282;6932725;951530;10424696;10517962;0,654;0,794;0,744;0,853;0,764;0,787
2014;PR;41;76,47;10,13;9,18;42,77;9,17;4,95;5,24;6,04;9,67;7,18;93,21;96,12;60,53;21,27;94,00;98,86;82,31;29,23;94,05;72,46;65,22;87,33;61,39;59,74;45,12;15,23;9,67;7,00;926,12;227,80;449,65;643,98;952,61;2370,34;3275,22;930,11;23,81;79,98;170,17;80,02;1,03;3,12;10,98;0,449;0,349;10863651;296725;1451705;1979025;471410;527320;8798138;8270818;550421;1221546;7049272;1019818;10817027;10863651;0,652;0,801;0,748;0,858;0,764;0,790
2015;PR;41;76,78;9,71;9,90;42,21;9,22;5,11;5,42;6,25;9,94;7,20;93,20;95,64;60,91;21,44;93,60;98,52;83,94;29,63;94,79;74,08;64,94;87,08;61,21;59,42;46,04;16,23;10,66;7,60;895,04;203,67;415,06;606,04;912,52;2350,13;3296,36;900,44;24,77;78,20;159,01;79,27;1,67;4,47;13,00;0,468;0,384;10930980;283463;1390006;1948163;447188;558157;8974267;8416110;527747;1212430;7203680;1108019;10865418;10930980;0,649;0,805;0,749;0,863;0,758;0,790
2011;SC;42;77,32;10,82;7,69;39,15;8,99;3,88;4,11;4,75;15,69;11,64;92,62;96,44;54,32;19,17;89,03;99,21;80,98;28,67;94,24;70,20;65,97;89,09;61,65;59,24;42,96;13,42;9,31;6,73;917,05;220,81;456,95;654,86;954,63;2282,13;3156,22;927,08;10,81;74,34;156,00;79,44;1,58;4,24;11,67;0,441;0,335;6146129;163614;841339;1180527;288645;339188;5145186;4805998;331216;756208;4049790;497493;6079618;6146129;0,660;0,782;0,739;0,872;0,762;0,791
2012;SC;42;77,70;10,47;8,84;41,44;9,09;3,15;3,35;3,91;11,59;8,93;92,70;95,88;58,65;22,92;92,12;99,19;79,96;30,62;94,64;74,47;64,18;90,33;59,26;59,55;40,98;13,10;8,36;6,03;946,26;258,57;501,85;702,67;980,18;2291,51;3180,15;955,69;4,83;65,46;158,66;78,53;1,15;2,51;8,02;0,421;0,300;6192773;167207;858926;1187784;310816;328858;5219377;4890519;305251;774945;4115574;580013;6131716;6192773;0,642;0,802;0,745;0,878;0,767;0,797
2013;SC;42;78,06;10,12;9,35;40,73;9,22;3,52;3,74;4,23;11,32;9,05;92,61;96,35;62,19;22,88;91,50;98,73;80,79;30,21;95,63;80,17;65,69;91,87;61,08;60,89;43,97;14,06;8,86;6,41;1002,97;251,96;518,10;731,45;1045,57;2468,72;3411,47;1012,12;14,47;61,05;156,86;78,48;1,40;2,79;8,77;0,432;0,322;6105087;166332;849178;1175102;292933;325924;5350891;5024967;318519;753530;4271437;622240;6049868;6105087;0,657;0,820;0,762;0,884;0,776;0,807
2014;SC;42;78,41;9,80;9,30;39,18;9,25;3,34;3,55;4,06;9,17;7,13;92,54;95,52;68,13;21,86;92,61;98,97;82,07;29,48;95,03;85,46;64,50;89,81;60,48;59,95;43,39;14,40;8,16;6,05;1042,82;283,63;546,05;776,57;1094,98;2508,73;3385,30;1050,17;5,73;66,75;164,78;76,94;0,86;1,98;7,20;0,417;0,295;6454182;159968;806781;1155935;251777;349154;5474935;5125781;307415;703182;4422599;627349;6408973;6454182;0,645;0,833;0,765;0,890;0,783;0,813
2015;SC;42;79,07;9,19;10,50;40,09;9,43;3,53;3,73;4,20;10,65;8,11;93,80;97,97;58,44;24,44;96,20;99,17;85,78;32,93;96,27;73,78;67,22;92,33;63,38;65,09;46,11;15,67;8,31;6,13;988,57;270,51;510,07;721,08;1047,01;2391,63;3241,85;990,94;22,69;89,86;174,48;75,87;0,66;2,11;8,01;0,422;0,310;6589516;169831;775323;1097774;268715;322451;5599937;5277486;332492;700796;4576690;718012;6573748;6589516;0,672;0,828;0,773;0,901;0,774;0,816
2011;RS;43;76,32;11,07;10,02;44,45;8,63;4,27;4,51;5,07;25,49;21,57;93,00;95,93;51,53;17,80;81,21;97,94;83,56;28,11;86,30;62,02;57,41;82,75;53,17;48,25;37,23;10,37;11,62;8,18;842,47;175,48;377,56;557,56;840,71;2261,57;3214,28;847,93;26,83;85,60;160,64;73,96;1,82;6,08;17,49;0,484;0,414;10718555;294048;1469978;2019720;526907;549742;8784890;8235148;509108;1181212;7053936;1110389;10649532;10718555;0,574;0,694;0,652;0,855;0,748;0,752
2012;RS;43;76,63;10,75;10,94;44,04;8,73;4,26;4,53;5,15;24,14;20,05;92,57;96,27;53,61;19,31;81,12;97,98;83,07;30,05;87,65;63,88;56,43;82,63;52,07;46,81;37,64;11,23;11,09;7,83;893,47;194,84;406,17;600,23;909,36;2354,40;3333,16;900,84;21,47;75,82;160,31;72,88;1,77;4,51;14,38;0,475;0,394;10786762;255386;1448491;2020592;539991;572101;8949276;8377175;551735;1194892;7182283;1218559;10698585;10786762;0,564;0,699;0,651;0,861;0,758;0,757
2013;RS;43;76,92;10,45;11,11;44,11;8,78;4,43;4,64;5,19;22,27;18,20;93,41;96,48;55,02;19,84;78,47;98,29;84,51;31,46;88,75;65,15;58,21;84,67;54,08;45,46;38,11;11,90;11,12;7,85;949,74;202,33;437,44;640,96;959,85;2511,78;3556,55;958,16;22,95;70,71;158,19;73,37;1,98;4,37;13,33;0,476;0,397;10702058;263653;1425432;1972049;513004;546617;9001503;8454886;512783;1141842;7313044;1242508;10608024;10702058;0,582;0,695;0,655;0,865;0,768;0,763
2014;RS;43;77,21;10,16;11,76;43,52;8,97;4,47;4,69;5,30;17,61;13,13;93,04;96,78;55,63;21,76;87,81;98,23;83,70;30,84;91,06;65,74;59,58;85,90;55,47;52,76;40,33;12,71;11,08;7,79;1000,62;218,14;463,37;673,90;1012,78;2652,95;3776,25;1004,54;34,01;81,81;163,91;72,91;1,30;3,66;11,88;0,475;0,397;10893559;250953;1319139;1854997;427398;535858;9141473;8605615;516833;1161226;7444389;1320405;10851074;10893559;0,596;0,743;0,691;0,870;0,776;0,779
2015;RS;43;77,50;9,88;12,03;43,52;9,18;3,53;3,71;4,14;17,67;13,27;93,62;97,08;55,51;21,26;85,81;98,53;84,50;30,88;93,38;66,36;60,60;85,37;56,88;53,03;41,45;13,54;10,43;7,51;921,89;204,32;432,53;635,90;944,77;2391,97;3321,33;925,96;27,78;85,50;159,80;71,67;1,45;4,79;13,09;0,464;0,383;10988987;253141;1301436;1824623;457505;523187;9204351;8681164;483324;1134583;7546581;1355431;10940700;10988987;0,606;0,746;0,696;0,875;0,763;0,778
2011;MS;50;74,12;16,47;6,83;44,20;8,54;6,37;6,75;8,02;17,99;14,28;93,48;96,33;48,96;18,21;88,04;98,27;80,82;30,21;90,81;58,99;58,72;80,08;54,45;46,88;38,80;13,01;13,18;8,97;806,48;174,55;332,06;496,81;752,72;2272,50;3338,40;811,90;27,08;78,00;173,64;82,16;1,81;4,67;19,75;0,506;0,441;2481263;72537;386726;520372;137188;133646;1926192;1792546;126147;298824;1493722;172665;2464700;2481263;0,587;0,712;0,668;0,819;0,741;0,743
2012;MS;50;74,42;15,93;7,20;41,82;8,68;6,99;7,50;8,70;19,15;12,86;91,50;95,11;43,28;21,19;88,06;97,55;79,40;31,72;88,36;53,43;59,07;80,61;54,85;50,00;39,89;14,53;11,45;8,25;862,05;188,80;382,15;558,28;837,28;2355,00;3268,39;869,27;12,89;79,90;163,86;84,19;1,56;4,64;15,49;0,484;0,403;2524748;73834;343172;483715;115358;140543;1991526;1850983;136751;302910;1548073;184594;2503773;2524748;0,591;0,700;0,661;0,824;0,752;0,746
2013;MS;50;74,71;15,42;7,76;44,59;8,67;7,17;7,61;8,92;15,45;11,32;92,31;96,69;51,02;17,55;90,95;98,06;77,89;26,99;88,51;61,56;58,41;75,80;54,99;42,73;40,51;13,45;12,19;8,39;898,04;195,97;389,67;579,40;860,17;2457,28;3569,92;906,52;23,00;67,56;159,74;83,03;2,30;4,38;14,15;0,492;0,421;2498916;86137;359760;480361;121426;120601;1996417;1875816;135359;308458;1567358;201413;2475534;2498916;0,584;0,709;0,665;0,829;0,759;0,751
2014;MS;50;75,00;14,94;8,05;44,93;8,80;6,45;6,75;7,77;14,49;12,30;92,77;97,12;51,75;19,50;94,71;98,56;78,32;29,18;92,86;61,19;58,88;80,50;55,03;48,67;40,64;14,23;11,37;7,82;930,50;225,40;416,97;601,33;896,39;2511,16;3652,72;932,76;26,33;79,14;170,52;80,69;0,99;2,68;11,22;0,480;0,401;2606039;87641;380964;501488;135718;120524;2024478;1903954;126419;287396;1616558;211537;2599715;2606039;0,589;0,744;0,688;0,833;0,764;0,762
2015;MS;50;75,28;14,48;8,74;44,14;8,90;5,98;6,36;7,40;17,50;13,43;92,89;97,75;47,70;20,54;92,07;98,62;78,45;30,95;89,33;58,66;60,46;82,45;56,31;45,72;43,26;15,42;11,09;7,84;868,80;204,20;385,92;581,37;856,50;2312,47;3270,97;872,15;25,43;88,38;168,48;80,76;1,02;3,81;13,38;0,474;0,388;2640988;72468;353479;478521;124169;125042;2077173;1952131;134314;309718;1642413;232417;2630824;2640988;0,605;0,714;0,676;0,838;0,753;0,756
2011;MT;51;72,92;19,05;5,71;42,49;8,32;7,39;8,04;9,55;15,73;13,12;93,41;96,46;58,35;19,07;88,16;98,50;85,08;31,75;91,85;71,72;62,84;87,43;57,58;53,70;38,58;11,69;11,17;7,89;733,55;169,10;325,63;483,03;735,69;1952,86;2762,92;738,82;21,13;89,63;170,56;85,49;1,68;5,99;20,37;0,476;0,389;3011307;95942;475445;664351;170403;188906;2355770;2166864;148111;381623;1785241;177134;2989851;3011307;0,628;0,764;0,716;0,799;0,726;0,747
2012;MT;51;73,19;18,59;6,24;45,58;8,43;8,05;8,68;10,38;14,98;12,34;93,09;95,76;61,94;16,69;89,33;97,72;80,85;28,87;92,41;75,41;60,99;84,74;56,08;52,87;38,11;12,06;14,04;9,33;826,61;167,24;336,02;515,36;770,38;2347,94;3533,73;832,60;23,14;87,52;161,85;82,94;1,93;6,45;18,97;0,519;0,478;3029388;104038;504627;678604;173567;173977;2359441;2185464;164909;374649;1810815;196580;3007593;3029388;0,610;0,775;0,716;0,803;0,745;0,755
2013;MT;51;73,46;18,14;7,33;42,87;8,68;7,83;8,46;9,98;12,98;10,46;94,00;97,58;63,26;19,16;89,45;99,29;83,94;31,89;92,98;78,35;62,08;85,98;57,28;50,28;41,48;13,08;12,42;8,89;828,50;162,83;351,55;529,25;808,07;2285,56;3194,86;847,30;15,50;54,38;150,19;83,32;3,66;6,27;17,90;0,501;0,425;2998087;97328;442000;625507;158933;183507;2467684;2284177;160717;382144;1902033;233973;2931562;2998087;0,621;0,778;0,721;0,808;0,746;0,758
2014;MT;51;73,72;17,71;6,67;43,46;8,74;7,30;7,73;9,09;9,98;8,61;92,98;95,87;61,08;19,09;91,08;98,51;79,19;28,40;93,87;76,22;64,24;87,11;60,03;56,13;42,19;13,06;10,17;7,12;844,21;210,53;403,19;579,92;840,23;2185,93;3121,02;848,36;21,17;75,02;162,92;84,94;1,32;3,26;12,44;0,457;0,362;3156966;95971;488002;646498;160653;158496;2469326;2310830;157223;358997;1951833;215510;3141541;3156966;0,642;0,793;0,739;0,812;0,749;0,767
2015;MT;51;73,97;17,30;7,81;45,38;8,88;7,12;7,59;8,89;8,17;6,43;93,53;97,42;61,31;17,16;91,63;98,90;79,57;27,57;95,14;79,29;64,66;88,36;60,41;52,15;43,09;12,15;9,78;7,04;754,98;189,03;356,21;533,85;777,72;1919,69;2666,41;759,67;19,36;79,04;173,41;83,33;1,58;4,17;17,13;0,451;0,351;3192204;88886;475548;636245;153259;160697;2507776;2347079;162895;357312;1989767;255742;3172495;3192204;0,647;0,796;0,742;0,816;0,731;0,763
2011;GO;52;73,31;17,20;7,10;43,19;8,34;7,18;7,63;9,00;17,39;14,01;94,41;96,14;56,71;18,27;82,00;98,16;85,48;30,38;89,57;67,63;62,56;86,44;57,83;52,55;38,95;10,50;11,33;8,00;717,59;156,76;322,55;481,23;709,51;1917,30;2715,33;726,94;15,33;83,35;165,39;83,43;2,11;6,74;21,54;0,478;0,387;6031667;184090;912543;1215768;309506;303225;4824699;4521474;312876;748230;3773244;444986;5954072;6031667;0,626;0,729;0,693;0,805;0,723;0,740
2012;GO;52;73,49;16,71;7,83;42,85;8,64;7,29;7,82;9,16;14,90;11,80;94,36;96,31;60,49;17,28;87,44;98,08;86,34;30,72;89,59;68,90;61,25;85,15;56,74;46,40;40,36;11,10;11,00;7,68;783,43;185,43;358,36;524,29;765,01;2089,14;2990,64;791,40;18,15;80,60;165,49;81,40;1,72;4,86;16,64;0,476;0,384;6159135;184571;884800;1224145;290106;339345;4954017;4614672;316576;732895;3881777;498242;6097065;6159135;0,613;0,731;0,689;0,808;0,737;0,745
2013;GO;52;73,66;16,24;8,05;43,08;8,71;7,06;7,53;8,84;16,50;14,01;93,02;96,07;55,53;21,95;86,83;97,99;83,72;33,53;88,19;67,58;61,65;86,13;57,13;53,18;41,08;11,68;11,31;7,89;809,40;185,40;364,25;534,39;790,25;2168,11;3107,89;819,88;17,25;72,47;163,41;81,42;2,01;4,60;16,48;0,480;0,388;6152067;180175;917130;1270860;312435;353730;5031942;4678212;324745;728572;3949640;519842;6073412;6152067;0,617;0,739;0,696;0,811;0,742;0,750
2014;GO;52;73,83;15,79;8,46;43,44;8,60;7,68;8,15;9,59;12,11;9,79;93,38;97,05;57,56;20,06;88,70;98,77;81,26;31,53;92,65;69,07;60,26;85,53;55,50;49,67;39,98;11,50;9,44;6,82;796,18;201,19;388,63;567,51;825,30;2010,42;2783,70;798,13;32,55;87,04;171,04;80,44;0,97;3,12;14,28;0,444;0,343;6389191;181350;904948;1237790;309236;332842;5115759;4782917;341767;757512;4025405;553428;6373595;6389191;0,603;0,750;0,697;0,814;0,739;0,750
2015;GO;52;74,00;15,35;8,48;42,89;9,12;6,09;6,47;7,53;11,58;8,00;94,26;97,05;58,31;21,41;90,54;98,13;85,42;33,44;96,55;67,85;64,02;87,23;59,90;53,03;44,19;13,08;9,57;6,91;741,56;183,28;357,07;531,65;770,61;1868,12;2586,69;748,18;16,43;74,67;163,02;80,79;1,89;4,76;16,44;0,447;0,345;6443217;176777;919608;1251460;314663;331852;5203061;4871209;320555;732877;4138332;562445;6386253;6443217;0,640;0,770;0,724;0,817;0,728;0,756
2011;DF;53;76,67;11,73;5,65;39,85;10,77;3,15;3,33;3,95;21,81;19,57;95,29;97,80;61,59;25,81;87,82;98,45;88,99;38,40;85,42;69,79;78,08;89,47;75,75;55,87;61,28;25,34;23,64;16,34;1458,64;180,21;404,21;650,97;1281,53;4774,31;6907,70;1479,15;16,47;73,07;163,38;80,86;2,33;5,33;16,94;0,603;0,667;2566685;72979;376560;507494;132465;130934;2065930;1934996;141069;329044;1605952;151185;2531111;2566685;0,781;0,747;0,758;0,861;0,837;0,819
2012;DF;53;76,98;11,47;6,31;41,79;10,82;3,49;3,64;4,32;19,65;17,00;95,84;97,52;64,91;25,24;90,98;98,76;90,37;38,65;89,38;71,33;78,67;92,32;75,76;59,06;61,87;26,55;21,26;14,98;1450,19;186,52;417,68;704,69;1412,05;4526,83;6421,94;1463,10;20,61;74,34;156,52;80,27;1,94;5,04;15,04;0,582;0,629;2617469;77761;400182;527627;140306;127445;2104765;1977320;142087;346429;1630891;172766;2594378;2617469;0,787;0,777;0,780;0,866;0,836;0,827
2013;DF;53;77,28;11,22;6,14;38,95;10,88;3,19;3,38;3,98;16,56;13,43;95,27;97,67;57,27;31,84;92,88;98,83;88,59;44,99;90,84;65,55;77,82;93,03;74,86;63,78;62,78;27,91;20,08;14,21;1532,22;211,08;459,21;772,19;1466,96;4762,45;6731,17;1548,97;16,80;67,22;161,60;79,89;1,74;3,81;12,87;0,574;0,599;2546176;75704;410508;544239;153502;133731;2187728;2053997;155312;334519;1719478;172044;2518649;2546176;0,778;0,783;0,781;0,871;0,844;0,832
2014;DF;53;77,57;10,99;6,99;39,89;10,98;2,73;2,89;3,35;14,07;10,36;95,81;97,53;60,98;30,59;91,32;98,92;89,55;41,40;95,15;68,44;78,59;92,33;76,03;61,02;62,86;28,18;20,32;14,45;1606,40;229,66;466,93;788,17;1510,80;5034,04;7077,43;1608,54;34,39;78,22;178,36;78,57;0,97;2,31;11,40;0,577;0,616;2760072;80813;395204;538229;132036;143025;2246546;2103521;149428;329953;1773568;200051;2756412;2760072;0,786;0,790;0,789;0,876;0,852;0,839
2015;DF;53;77,85;10,76;7,74;38,49;11,21;3,00;3,19;3,70;14,78;10,77;96,16;98,21;62,62;32,36;93,72;98,89;91,92;45,77;92,62;68,88;79,84;90,67;77,88;61,67;65,70;30,69;18,39;13,29;1508,74;224,12;472,94;765,78;1472,61;4631,29;6408,41;1515,93;18,97;87,79;162,14;78,60;1,01;3,94;11,52;0,563;0,581;2872689;77570;380343;540981;127535;160638;2338835;2178197;151553;333924;1844273;226527;2859063;2872689;0,798;0,792;0,794;0,881;0,842;0,839
2011;RM Belm;1500;74,23;18,41;6,61;42,98;9,52;3,25;3,43;3,96;29,65;25,12;94,28;95,89;49,54;16,28;91,48;97,80;88,96;40,42;81,17;55,96;73,28;85,18;70,71;40,28;50,41;11,20;14,19;9,69;604,67;119,19;240,99;359,71;562,06;1744,52;2554,68;613,48;26,83;89,18;160,96;79,07;3,41;12,50;33,70;0,521;0,461;1937382;63086;320428;444744;111323;124316;1639619;1515303;117439;269049;1246254;141555;1909549;1937382;0,733;0,672;0,692;0,821;0,695;0,736
2012;RM Belm;1500;74,45;17,77;6,76;42,86;9,88;2,92;3,09;3,65;29,10;24,40;94,99;96,52;48,26;15,54;88,65;98,35;90,05;40,94;80,33;53,56;73,50;84,54;71,11;42,40;51,61;12,86;13,80;9,60;628,10;120,13;252,48;382,97;596,58;1788,72;2570,15;637,27;26,46;86,38;154,02;79,20;3,84;11,69;29,74;0,516;0,457;1882512;60916;325519;441401;114333;115882;1659012;1543130;120096;274600;1268530;146058;1855416;1882512;0,735;0,662;0,686;0,824;0,701;0,737
2013;RM Belm;1500;74,67;17,18;7,30;42,60;9,73;3,42;3,65;4,38;24,22;19,98;93,89;96,40;50,09;14,46;89,01;97,81;87,95;35,38;88,85;55,93;72,00;85,78;69,05;45,30;50,55;10,84;12,19;8,56;581,10;120,19;249,60;372,50;581,12;1583,21;2254,42;592,76;26,40;75,35;156,73;77,34;4,50;10,39;30,97;0,492;0,405;1927748;60882;316010;434437;111958;118427;1688026;1569599;121098;276094;1293505;159230;1889837;1927748;0,720;0,698;0,705;0,828;0,689;0,741
2014;RM Belm;1500;74,88;16,61;7,59;40,63;9,66;3,46;3,62;4,12;24,01;20,96;94,65;96,33;54,18;16,39;90,30;98,24;89,36;38,11;84,63;59,12;70,26;84,59;67,44;44,10;49,94;12,01;12,15;8,38;611,70;138,13;263,85;385,55;581,49;1684,95;2441,65;615,15;28,25;83,62;164,78;77,04;2,53;7,94;27,89;0,492;0,421;2019893;65000;296114;410471;108934;114357;1729854;1615497;114362;265242;1350255;166749;2008583;2019893;0,703;0,695;0,698;0,831;0,697;0,742
2015;RM Belm;1500;71,91;17,09;7,70;39,59;9,99;3,23;3,40;3,94;20,24;15,68;94,43;96,51;53,21;17,37;93,55;98,81;88,75;38,49;90,52;59,63;73,64;85,84;71,28;44,42;51,59;12,23;11,89;8,22;606,69;145,47;258,18;385,74;580,45;1659,77;2399,82;606,69;38,34;98,35;172,62;77,22;1,38;7,91;28,74;0,486;0,409;2170415;63070;291814;405775;102967;113961;1757958;1643997;120471;265938;1378059;170543;2170415;2170415;0,736;0,720;0,726;0,782;0,696;0,735
2011;RM Fortaleza;2300;74,12;15,83;7,31;43,87;8,56;9,18;9,77;11,62;17,19;13,34;93,87;96,09;54,70;15,59;93,83;97,87;84,85;30,19;88,48;63,00;65,30;84,41;61,12;48,23;43,58;9,73;14,45;9,93;576,18;111,39;224,45;346,73;540,40;1666,76;2425,93;582,72;29,85;87,99;158,78;77,12;3,84;13,39;36,59;0,522;0,470;3609610;107699;551196;749807;200848;198611;2854424;2655813;204955;477377;2178436;271486;3569062;3609610;0,653;0,734;0,706;0,819;0,687;0,737
2012;RM Fortaleza;2300;74,38;14,97;7,83;42,76;8,62;9,18;9,85;11,71;19,17;15,77;94,42;97,15;54,49;15,08;93,59;98,35;86,38;28,55;87,28;62,34;65,21;86,26;60,43;47,02;42,25;10,43;13,40;9,18;598,35;125,45;244,27;361,26;559,03;1697,82;2477,77;603,86;27,19;84,08;161,53;76,09;3,43;10,22;31,67;0,510;0,452;3601009;94185;529592;738743;187024;209151;2924925;2715774;208167;502472;2213302;293957;3568165;3601009;0,652;0,726;0,700;0,823;0,693;0,739
2013;RM Fortaleza;2300;74,63;14,20;7,75;41,98;8,96;8,74;9,32;11,01;19,16;15,04;93,24;97,45;49,20;16,40;97,01;98,40;82,87;28,23;86,99;58,13;66,41;85,31;62,17;53,21;44,55;10,66;12,96;8,83;591,02;121,02;252,52;372,08;561,58;1648,85;2419,63;599,88;26,80;77,50;157,78;73,96;4,19;10,27;30,74;0,504;0,437;3570717;106796;538741;757106;196639;218365;2965420;2747055;219325;502915;2244140;293825;3517964;3570717;0,664;0,738;0,713;0,827;0,691;0,744
2014;RM Fortaleza;2300;74,87;13,48;8,32;41,64;8,90;8,88;9,40;11,19;15,63;11,22;92,55;97,27;51,86;18,34;97,01;98,40;81,42;31,42;91,64;64,02;65,02;85,06;60,62;52,46;44,31;10,23;10,87;7,59;604,57;146,47;271,18;403,00;597,42;1585,83;2270,90;606,26;33,42;85,33;169,28;76,67;1,92;6,54;26,99;0,471;0,385;3757741;101969;509140;709695;182237;200555;3021628;2821073;226621;507781;2313292;318438;3747243;3757741;0,650;0,763;0,723;0,831;0,695;0,750
2015;RM Fortaleza;2300;73,62;15,07;8,39;42,19;9,00;8,70;9,28;10,92;13,26;10,33;93,25;96,71;57,82;18,51;96,27;98,36;83,48;29,79;93,61;68,37;66,88;85,90;62,92;56,79;45,08;9,91;11,97;8,17;564,03;123,82;244,23;373,45;559,51;1503,69;2202,50;564,14;39,46;88,92;157,23;77,12;3,48;10,93;31,14;0,485;0,426;3739407;104383;516977;718312;171615;201335;3040916;2839581;216193;489360;2350221;324138;3738699;3739407;0,669;0,788;0,746;0,810;0,684;0,747
2011;RM Recife;2600;74,33;15,96;8,10;41,27;8,96;7,78;8,23;9,44;21,05;17,87;92,81;95,59;53,44;14,67;91,53;98,11;82,33;31,47;87,32;66,06;67,95;83,46;65,17;51,92;47,07;11,11;16,43;11,00;575,04;93,07;215,31;334,12;540,34;1695,71;2533,72;588,33;22,02;76,37;149,98;72,53;6,48;15,70;38,61;0,543;0,518;3246759;103863;522880;718781;192891;195901;3003081;2807180;186286;427008;2380172;308289;3173389;3246759;0,680;0,742;0,721;0,822;0,687;0,743
2012;RM Recife;2600;74,83;14,83;8,88;42,56;9,21;8,09;8,54;9,87;24,97;21,83;93,55;95,88;51,74;14,52;93,86;98,19;85,30;28,10;84,94;61,86;67,83;85,30;64,81;52,12;47,61;11,39;13,10;9,09;610,55;120,15;255,08;384,44;589,62;1704,67;2456,86;619,13;26,66;75,75;154,70;73,61;4,49;10,59;29,56;0,505;0,443;3624778;102295;533697;722330;198030;188633;3031947;2843314;179197;419883;2423431;340615;3574547;3624778;0,678;0,732;0,714;0,831;0,697;0,747
2013;RM Recife;2600;75,31;13,88;9,29;42,97;9,24;8,87;9,39;10,74;19,42;17,43;92,86;94,98;53,65;17,25;94,66;98,63;82,43;30,80;86,82;66,87;67,15;85,35;63,96;53,07;48,51;11,51;13,11;9,06;606,42;115,88;256,67;391,04;596,56;1687,51;2441,65;615,59;28,57;73,31;150,18;72,63;5,17;11,13;29,40;0,504;0,447;3423336;98810;513691;702233;177987;188542;3062412;2873870;191173;428391;2445479;358908;3372333;3423336;0,672;0,754;0,725;0,839;0,696;0,753
2014;RM Recife;2600;75,78;13,08;9,68;43,38;9,56;6,69;7,09;8,11;19,03;16,36;93,74;95,75;55,36;19,16;96,05;98,28;84,29;31,77;86,90;64,61;68,47;87,71;65,33;60,06;51,50;13,96;14,52;9,89;696,88;133,93;271,67;426,36;652,29;2005,01;2944,82;700,58;32,52;82,85;160,20;73,02;2,98;8,27;27,32;0,521;0,480;3517021;88738;501137;684829;175048;183692;3092180;2908488;189069;408339;2500149;377017;3498414;3517021;0,685;0,769;0,740;0,846;0,718;0,768
2015;RM Recife;2600;73,48;13,26;10,63;42,49;9,46;8,00;8,52;9,77;19,32;15,93;93,13;95,54;53,04;17,87;96,94;98,50;84,67;30,65;90,33;63,81;67,79;86,59;64,58;55,15;50,40;13,30;14,94;9,94;630,37;121,47;247,39;373,42;572,82;1833,49;2755,77;630,81;37,82;85,22;156,74;70,24;3,78;11,09;30,89;0,527;0,503;3891802;90035;493916;693219;176469;199303;3167457;2968154;203210;433095;2535059;416557;3889047;3891802;0,678;0,766;0,735;0,808;0,702;0,748
2011;RM Salvador;2900;74,74;16,77;6,26;39,49;9,58;5,04;5,36;6,04;29,91;25,12;94,87;97,42;47,22;15,58;94,35;98,59;87,60;33,45;81,04;53,58;69,71;81,34;67,55;46,74;52,41;11,91;17,88;11,93;737,71;120,39;258,84;403,82;635,93;2262,72;3389,55;745,62;29,30;85,31;156,86;78,46;3,92;11,58;30,03;0,561;0,560;3621977;110466;532981;729254;185972;196273;2974166;2777893;181616;436562;2341331;238723;3583594;3621977;0,697;0,689;0,692;0,829;0,727;0,749
2012;RM Salvador;2900;75,02;14,62;6,74;39,05;9,84;4,59;4,86;5,63;29,79;23,50;94,78;97,23;42,60;15,47;94,01;98,23;88,58;37,12;83,85;47,43;70,73;81,97;68,67;41,39;54,02;12,55;18,57;12,35;775,73;127,19;264,28;406,18;663,17;2417,49;3635,02;787,40;24,18;82,93;155,45;78,86;3,56;10,07;27,72;0,569;0,563;3621727;104219;528579;722655;193148;194076;3032624;2838548;201255;439639;2398909;259925;3568055;3621727;0,707;0,667;0,680;0,834;0,735;0,750
2013;RM Salvador;2900;75,29;13,91;6,93;38,75;10,07;4,60;4,84;5,51;27,06;22,35;93,62;96,68;45,26;15,71;95,11;98,01;84,53;34,80;84,77;51,41;72,13;81,13;70,53;42,44;55,90;14,08;18,96;12,50;862,80;138,12;294,02;452,68;724,32;2700,14;4096,25;875,38;23,31;67,61;153,85;80,52;3,76;7,93;23,69;0,572;0,578;3586331;98294;530525;722932;193386;192407;3075344;2882937;194658;436088;2446849;269911;3534781;3586331;0,721;0,684;0,696;0,838;0,752;0,762
2014;RM Salvador;2900;75,56;13,27;7,23;37,59;10,00;4,02;4,27;4,91;25,95;19,58;94,51;96,98;46,60;18,15;97,55;98,46;87,19;37,27;86,63;53,86;72,83;82,66;71,11;45,59;56,33;13,42;15,86;10,68;838,39;156,87;312,27;471,94;744,01;2504,72;3719,83;839,51;42,55;87,83;162,14;78,52;2,12;7,08;21,15;0,541;0,521;3866150;105364;500718;709494;171095;208776;3138265;2929489;190105;436605;2492884;283844;3860996;3866150;0,728;0,709;0,715;0,843;0,748;0,769
2015;RM Salvador;2900;73,23;18,11;7,78;37,23;10,15;3,54;3,74;4,26;24,91;19,20;94,62;97,58;46,97;19,49;96,58;98,86;85,92;37,52;84,74;54,83;73,12;82,67;71,49;46,92;56,75;13,15;14,16;9,60;728,17;145,40;292,98;443,40;661,88;2103,39;3103,29;729,74;41,77;89,78;159,98;75,98;2,42;7,87;23,74;0,520;0,478;3896521;98107;500249;705522;171667;205273;3194018;2988745;191169;436083;2552662;308074;3888122;3896521;0,731;0,708;0,715;0,804;0,725;0,748
2011;RM Belo Horizonte;3100;76,25;13,19;8,13;40,64;9,38;4,12;4,36;5,18;19,70;17,31;94,14;97,91;57,99;17,76;91,33;98,77;84,82;28,62;89,46;67,09;66,24;88,34;61,78;52,66;46,16;15,35;14,47;9,85;935,05;187,49;365,31;548,87;851,29;2723,05;3998,43;942,86;16,06;82,82;172,64;78,20;1,51;4,39;17,07;0,524;0,472;4696429;126884;688542;953304;256721;264762;4022263;3757501;262656;631048;3126453;412794;4657517;4696429;0,662;0,751;0,720;0,854;0,765;0,780
2012;RM Belo Horizonte;3100;76,56;12,54;7,69;39,44;9,55;3,69;3,87;4,51;16,05;12,99;95,10;97,95;62,16;20,38;93,29;98,71;87,12;31,08;91,95;70,37;66,80;86,31;63,07;51,56;47,44;15,57;14,06;9,54;1033,50;216,08;411,36;606,67;939,78;2994,10;4409,77;1039,27;19,74;81,76;169,60;80,07;1,12;3,03;12,18;0,521;0,467;4936403;136263;677343;924055;236779;246712;4067973;3821261;254267;612184;3209077;394085;4908994;4936403;0,668;0,768;0,733;0,859;0,781;0,791
2013;RM Belo Horizonte;3100;76,85;11,93;7,94;39,58;9,58;4,01;4,25;4,94;14,29;11,34;95,45;98,93;62,56;18,89;95,16;99,28;87,36;31,15;92,60;70,30;68,79;88,28;65,21;50,98;48,94;16,39;13,56;9,37;1024,37;213,41;416,27;614,81;941,21;2949,32;4269,55;1035,43;12,54;63,76;168,44;78,97;1,53;3,01;12,47;0,513;0,444;4955320;124268;671845;925598;243716;253753;4111918;3858165;244505;598439;3259726;410480;4902404;4955320;0,688;0,773;0,743;0,864;0,780;0,796
2014;RM Belo Horizonte;3100;77,14;11,37;8,82;39,84;9,63;3,58;3,80;4,40;14,29;10,63;94,74;98,35;58,76;21,07;93,82;98,73;87,13;31,33;93,30;66,20;68,03;88,58;64,36;56,70;48,91;16,60;13,00;8,92;1050,01;227,17;441,80;637,23;963,31;2983,56;4349,92;1054,24;22,00;74,63;172,62;79,30;1,07;2,55;11,12;0,508;0,446;5071449;138286;642263;904639;224545;262376;4183960;3921584;258284;594655;3326929;459233;5051107;5071449;0,680;0,775;0,742;0,869;0,784;0,798
2015;RM Belo Horizonte;3100;76,97;11,41;9,21;39,07;9,71;3,52;3,71;4,31;11,01;6,69;95,36;98,23;58,82;22,42;95,03;99,08;87,41;33,00;96,60;66,50;69,78;90,90;65,94;58,20;50,55;17,02;13,72;9,39;974,01;198,85;396,86;587,38;885,79;2797,22;4086,14;979,82;27,00;84,71;161,35;77,46;1,66;4,74;13,80;0,515;0,461;5147982;124613;628105;880656;218728;252551;4257836;4005285;274433;616528;3388757;483646;5117444;5147982;0,698;0,791;0,759;0,866;0,772;0,799
2011;RM Rio de Janeiro;3300;75,68;13,25;10,51;42,80;9,75;2,92;3,08;3,45;27,45;23,82;95,04;97,06;49,82;17,29;92,29;98,51;88,22;33,87;82,64;56,89;70,67;87,41;68,00;46,78;50,10;15,93;16,29;11,01;926,52;164,99;336,94;525,98;835,14;2763,26;4087,93;937,22;23,13;80,34;166,20;72,63;2,46;6,44;20,14;0,543;0,512;10383633;279435;1531933;2103646;570363;571713;9641587;9069874;532640;1246434;7823440;1258571;10265113;10383633;0,707;0,697;0,700;0,845;0,764;0,770
2012;RM Rio de Janeiro;3300;76,02;12,80;11,47;45,24;10,03;3,18;3,36;3,78;23,19;19,90;94,67;97,64;52,23;17,59;92,13;98,57;86,51;33,42;84,76;61,37;71,46;86,28;69,20;48,19;51,37;16,70;15,72;10,65;972,16;171,51;366,43;561,34;893,05;2865,15;4226,88;990,76;14,09;65,89;151,53;73,45;2,85;6,05;17,04;0,539;0,497;10576818;299985;1514626;2073113;523388;558487;9660285;9101798;509978;1205066;7896732;1379328;10378309;10576818;0,715;0,716;0,716;0,850;0,771;0,779
2013;RM Rio de Janeiro;3300;76,37;12,38;11,63;42,57;10,20;3,20;3,37;3,71;21,43;17,66;95,39;98,76;54,91;19,10;94,62;99,31;88,32;35,09;86,80;62,45;73,09;87,48;70,89;51,17;53,74;18,11;15,62;10,77;1032,97;180,54;390,52;595,23;950,00;3075,37;4458,78;1056,80;14,09;52,07;147,28;74,76;3,32;5,41;15,03;0,538;0,490;10964116;288712;1414384;2007307;495182;592923;9878608;9285685;527543;1230546;8055139;1404684;10716852;10964116;0,731;0,738;0,735;0,856;0,781;0,791
2014;RM Rio de Janeiro;3300;76,70;11,98;12,02;43,34;10,28;2,54;2,67;2,98;20,31;16,58;95,21;97,88;53,89;17,40;93,95;98,77;87,83;34,54;88,74;61,31;73,91;88,31;71,77;49,51;54,71;17,99;15,32;10,37;1076,16;205,45;407,05;619,17;968,53;3175,63;4691,27;1078,89;32,14;80,81;169,29;73,67;1,39;3,43;13,32;0,533;0,501;11567565;267807;1374707;1907728;443532;533021;9923752;9390731;529119;1214551;8176180;1458992;11538387;11567565;0,739;0,734;0,736;0,862;0,788;0,795
2015;RM Rio de Janeiro;3300;75,88;11,89;12,26;43,40;10,40;2,34;2,46;2,77;19,51;15,98;95,67;97,66;56,13;17,47;96,01;99,11;90,04;33,27;86,93;63,90;75,87;89,80;73,71;49,14;55,89;18,36;15,83;10,53;1005,80;199,63;373,63;564,68;868,74;3019,31;4538,43;1008,23;38,79;93,22;172,35;73,98;1,08;3,75;14,71;0,541;0,510;11837501;286522;1355724;1936382;456780;580658;9988792;9408134;592092;1258504;8149630;1493564;11808914;11837501;0,759;0,740;0,746;0,848;0,777;0,790
2011;RM So Paulo;3500;76,52;12,57;8,17;41,30;9,87;3,03;3,16;3,64;12,24;9,96;95,21;96,22;66,24;17,53;95,79;99,03;85,05;25,99;91,88;78,74;74,04;94,16;70,49;66,86;52,94;18,01;13,20;9,13;982,00;199,46;406,00;606,07;931,04;2763,88;3995,28;994,21;9,77;71,26;167,00;83,48;1,77;4,21;14,49;0,507;0,437;18915431;560276;2860305;3777314;1042340;917009;16170809;15253800;924516;2291456;12962344;1674394;18682962;18915431;0,740;0,833;0,801;0,859;0,773;0,811
2012;RM So Paulo;3500;76,87;12,14;8,72;42,00;10,15;3,02;3,19;3,55;10,93;8,82;95,50;97,10;70,72;18,85;91,60;98,89;86,91;28,76;95,15;80,83;73,55;93,34;70,34;65,75;55,66;18,88;13,71;9,52;1083,88;216,20;435,18;652,61;1018,79;3100,81;4465,45;1099,14;9,00;50,94;163,52;80,94;1,84;3,04;11,96;0,517;0,454;19088349;532124;2784056;3711029;966321;926973;16347929;15420956;925905;2157252;13263704;1801791;18823350;19088349;0,736;0,833;0,799;0,865;0,789;0,818
2013;RM So Paulo;3500;77,21;11,75;8,89;41,43;10,21;3,06;3,24;3,71;9,08;7,36;95,07;96,71;70,18;18,92;95,70;99,22;86,01;28,31;96,46;81,92;75,41;93,19;72,39;64,68;56,07;20,00;14,28;9,82;1141,80;220,97;452,25;670,72;1063,42;3304,03;4805,77;1154,70;16,72;54,01;155,46;83,00;2,01;3,49;10,98;0,522;0,472;18571235;544773;2720671;3709139;960801;988468;16571961;15583493;1033160;2266351;13317142;1850307;18363751;18571235;0,754;0,847;0,815;0,870;0,797;0,827
2014;RM So Paulo;3500;77,53;11,38;9,44;40,60;10,29;3,21;3,41;3,90;7,36;4,82;95,21;96,66;70,18;22,58;94,83;99,28;86,65;31,89;96,82;81,83;73,87;93,09;70,69;64,77;56,39;20,80;14,69;10,04;1188,35;231,36;460,76;687,53;1088,04;3476,01;5083,84;1196,48;16,67;64,04;164,74;83,01;1,33;2,70;10,10;0,529;0,486;18973176;522852;2586207;3621504;817024;1035297;16903532;15868235;1003077;2255621;13612614;1981215;18844282;18973176;0,739;0,846;0,808;0,876;0,804;0,829
2015;RM So Paulo;3500;77,79;10,16;9,95;40,26;10,43;2,94;3,12;3,56;7,46;5,78;95,04;97,34;73,45;21,56;97,56;99,48;86,23;31,74;96,76;84,93;75,51;94,55;72,45;64,91;57,89;21,47;14,06;9,56;1045,89;203,25;422,06;631,34;981,95;2987,70;4394,87;1058,40;16,52;64,95;153,16;81,73;2,10;4,34;12,64;0,516;0,460;19834192;527943;2502091;3579507;830089;1077416;17171915;16094499;1017181;2229015;13865484;2103228;19599783;19834192;0,755;0,860;0,824;0,880;0,783;0,829
2011;RM Curitiba;4100;76,51;10,72;6,97;40,22;9,44;4,11;4,32;5,01;18,62;14,55;91,10;95,12;53,11;20,16;83,52;97,09;80,51;29,91;91,16;64,41;66,94;86,96;63,04;53,87;47,15;16,04;11,36;8,15;997,74;220,47;435,66;646,57;1017,48;2672,48;3727,64;1007,98;9,79;69,94;169,99;81,05;1,44;3,23;11,96;0,480;0,392;3157692;94173;445039;628212;169741;183173;2592087;2408914;160411;392771;2016143;230804;3125610;3157692;0,669;0,732;0,711;0,859;0,776;0,782
2012;RM Curitiba;4100;76,85;10,26;7,53;40,28;9,98;2,96;3,18;3,68;14,11;11,45;90,13;94,44;54,41;20,94;93,81;97,12;77,84;31,18;90,68;69,27;70,73;86,19;67,77;55,01;51,42;19,41;12,22;8,60;1104,26;234,06;476,06;693,94;1069,49;3055,10;4339,88;1117,66;9,33;59,85;156,79;84,05;1,59;3,06;9,93;0,495;0,414;3222130;88187;441433;621886;165944;180453;2640660;2460207;167728;395030;2065177;252291;3183497;3222130;0,707;0,772;0,750;0,864;0,792;0,802
2013;RM Curitiba;4100;77,18;9,82;8,27;40,54;10,00;2,87;3,03;3,45;12,68;10,26;93,86;96,69;60,68;20,84;92,23;98,66;83,76;29,98;94,19;74,36;73,42;88,89;70,66;55,47;53,36;19,64;11,60;8,24;1128,20;240,24;503,64;735,05;1104,50;3063,65;4315,68;1140,09;20,46;55,31;158,22;81,82;1,98;3,17;9,80;0,485;0,406;3236029;85736;429997;585921;152812;155924;2690969;2535045;162580;383803;2151242;280275;3202268;3236029;0,734;0,791;0,771;0,870;0,795;0,812
2014;RM Curitiba;4100;77,51;9,42;8,06;39,85;10,12;2,64;2,79;3,22;12,04;9,61;94,32;96,42;60,34;23,15;93,72;99,37;84,98;32,51;92,76;72,80;74,46;90,89;71,65;59,61;54,05;20,06;10,33;7,54;1134,27;274,29;515,46;754,73;1147,31;2978,85;4080,14;1139,00;10,08;76,22;176,41;80,83;0,64;1,84;7,29;0,463;0,365;3330942;95314;437460;600021;133546;162561;2724477;2561916;165316;373936;2187980;275862;3317122;3330942;0,745;0,797;0,779;0,875;0,796;0,817
2015;RM Curitiba;4100;76,78;9,71;9,33;40,13;10,19;3,03;3,20;3,63;9,13;6,81;93,55;95,73;61,82;20,11;92,47;99,10;83,48;29,03;97,19;76,35;73,74;89,35;71,26;59,52;55,04;21,73;12,06;8,36;1108,18;248,76;482,19;697,76;1071,62;3055,23;4408,27;1115,61;10,95;76,31;159,97;80,59;1,05;2,83;8,70;0,491;0,412;3388196;89326;427436;595996;136864;168560;2791722;2623162;158965;360680;2262482;322763;3365623;3388196;0,737;0,814;0,788;0,863;0,792;0,814
2011;RM Porto Alegre;4300;76,62;10,79;8,71;42,01;9,56;2,97;3,10;3,57;25,26;21,21;92,00;94,81;52,02;20,00;71,03;96,75;83,37;31,64;87,10;62,92;67,26;86,93;63,79;46,74;46,71;13,88;13,27;9,19;987,17;202,72;405,62;596,79;941,41;2794,70;4035,68;995,53;18,16;80,93;168,99;75,89;1,43;4,11;14,22;0,508;0,443;3954634;109914;551189;758017;196351;206828;3267041;3060213;192879;458965;2601248;359498;3921398;3954634;0,673;0,669;0,671;0,860;0,774;0,768
2012;RM Porto Alegre;4300;76,93;10,48;9,46;42,05;9,61;2,65;2,81;3,22;27,17;22,23;92,25;95,98;51,33;20,93;73,03;97,14;83,78;32,83;86,18;61,05;65,25;84,86;61,94;48,17;46,60;14,18;12,82;8,83;1023,55;211,10;433,37;630,00;977,98;2845,44;4130,88;1034,23;13,26;72,59;158,84;75,10;1,55;4,04;12,24;0,504;0,435;3984313;97945;546821;765884;201285;219063;3314988;3095925;198011;447925;2648000;392548;3943168;3984313;0,653;0,671;0,665;0,866;0,780;0,770
2013;RM Porto Alegre;4300;77,22;10,18;10,26;42,84;9,74;2,60;2,74;3,02;22,92;19,86;92,03;95,72;53,59;19,89;75,77;97,68;81,39;31,14;87,69;65,48;68,48;85,86;65,81;42,46;48,07;16,06;14,32;9,73;1120,03;212,12;449,19;676,89;1030,02;3216,13;4735,38;1134,94;18,73;62,27;150,97;75,02;2,21;4,24;11,59;0,520;0,465;3947103;94992;532911;738664;189027;205753;3348502;3142749;183200;418007;2724742;428009;3895235;3947103;0,685;0,679;0,681;0,870;0,794;0,782
2014;RM Porto Alegre;4300;77,51;9,80;10,43;39,93;9,90;2,70;2,84;3,22;19,22;14,47;91,47;95,40;50,75;20,48;77,63;97,33;81,66;30,33;91,32;63,44;68,44;86,24;65,48;50,06;49,14;15,76;12,36;8,61;1119,61;240,74;480,55;703,15;1065,15;3104,08;4456,52;1125,96;22,08;74,76;166,07;74,61;1,08;2,76;9,76;0,495;0,423;4021666;92432;476349;674673;154962;198324;3432210;3233886;204048;459918;2773968;437249;3998995;4021666;0,684;0,706;0,699;0,875;0,794;0,789
2015;RM Porto Alegre;4300;77,50;9,88;10,45;40,95;10,10;2,13;2,20;2,46;19,84;14,89;92,76;96,46;49,19;19,75;78,07;98,20;83,52;31,63;92,37;60,55;70,33;86,48;67,85;47,81;50,73;16,97;12,64;8,79;1046,75;218,50;445,67;652,93;992,85;2920,15;4197,62;1053,42;18,75;78,04;158,91;73,75;1,49;3,87;11,39;0,501;0,438;4035601;96855;492893;695443;175765;202550;3425621;3223071;201570;430194;2792877;439763;4010062;4035601;0,703;0,697;0,699;0,875;0,783;0,786
2011;RIDE DF;5300;76,74;12,91;5,65;39,85;10,77;3,15;3,33;3,95;21,81;19,57;95,29;97,80;61,59;25,81;87,82;98,45;88,99;38,40;85,42;69,79;78,08;89,47;75,75;55,87;61,28;25,34;23,64;16,34;1458,64;180,21;404,21;650,97;1281,53;4774,31;6907,70;1479,15;16,47;73,07;163,38;80,86;2,33;5,33;16,94;0,603;0,667;2566685;72979;376560;507494;132465;130934;2065930;1934996;141069;329044;1605952;151185;2531111;2566685;0,781;0,747;0,758;0,862;0,837;0,819
2012;RIDE DF;5300;77,05;12,63;6,31;41,79;10,82;3,49;3,64;4,32;19,65;17,00;95,84;97,52;64,91;25,24;90,98;98,76;90,37;38,65;89,38;71,33;78,67;92,32;75,76;59,06;61,87;26,55;21,26;14,98;1450,19;186,52;417,68;704,69;1412,05;4526,83;6421,94;1463,10;20,61;74,34;156,52;80,27;1,94;5,04;15,04;0,582;0,629;2617469;77761;400182;527627;140306;127445;2104765;1977320;142087;346429;1630891;172766;2594378;2617469;0,787;0,777;0,780;0,868;0,836;0,828
2013;RIDE DF;5300;77,35;12,35;6,14;38,95;10,88;3,19;3,38;3,98;16,56;13,43;95,27;97,67;57,27;31,84;92,88;98,83;88,59;44,99;90,84;65,55;77,82;93,03;74,86;63,78;62,78;27,91;20,08;14,21;1532,22;211,08;459,21;772,19;1466,96;4762,45;6731,17;1548,97;16,80;67,22;161,60;79,89;1,74;3,81;12,87;0,574;0,599;2546176;75704;410508;544239;153502;133731;2187728;2053997;155312;334519;1719478;172044;2518649;2546176;0,778;0,783;0,781;0,873;0,844;0,833
2014;RIDE DF;5300;77,64;12,10;6,99;39,89;10,98;2,73;2,89;3,35;14,07;10,36;95,81;97,53;60,98;30,59;91,32;98,92;89,55;41,40;95,15;68,44;78,59;92,33;76,03;61,02;62,86;28,18;20,32;14,45;1606,40;229,66;466,93;788,17;1510,80;5034,04;7077,43;1608,54;34,39;78,22;178,36;78,57;0,97;2,31;11,40;0,577;0,616;2760072;80813;395204;538229;132036;143025;2246546;2103521;149428;329953;1773568;200051;2756412;2760072;0,786;0,790;0,789;0,877;0,852;0,839
2015;RIDE DF;5300;77,85;10,76;7,74;38,49;11,21;3,00;3,19;3,70;14,78;10,77;96,16;98,21;62,62;32,36;93,72;98,89;91,92;45,77;92,62;68,88;79,84;90,67;77,88;61,67;65,70;30,69;18,39;13,29;1508,74;224,12;472,94;765,78;1472,61;4631,29;6408,41;1515,93;18,97;87,79;162,14;78,60;1,01;3,94;11,52;0,563;0,581;2872689;77570;380343;540981;127535;160638;2338835;2178197;151553;333924;1844273;226527;2859063;2872689;0,798;0,792;0,794;0,881;0,842;0,839
